Loan_Id,Loan_holder,Category
f738779f-c726-40dc-92cf-689d73af533d,44431353,Debt Consolidation
6dcc0947-164d-476c-a1de-3ae7283dde0a,44431276,Debt Consolidation
f7744d01-894b-49c3-8777-fc6431a2cff1,45983838,Debt Consolidation
83721ffb-b99a-4a0f-aea5-ef472a138b41,44475904,Debt Consolidation
08f3789f-5714-4b10-929d-e1527ab5e5a3,43877389,Debt Consolidation
a4957169-d809-44cc-847b-975400bc8d11,44431198,Debt Consolidation
43467302-94fe-494b-b52f-3fd891fea71c,44431121,Debt Consolidation
930c7cb3-6086-434a-9547-3ed41c181552,44431044,Debt Consolidation
0b2f1b66-741e-4e37-a929-99926cdc9e9a,45987719,Debt Consolidation
d08f3a5e-93df-40e7-bdd8-cba59180bddf,45943086,Debt Consolidation
3102b699-a2d2-4df4-9c33-005dc41e3525,45942459,Debt Consolidation
663ad9a3-4691-4f8c-90c6-75a5f4f0b34f,45942229,Debt Consolidation
1e277d73-10b5-475f-8538-2a5a09d62c8d,45941983,other
79d992b7-0aa7-4059-a10b-3d416809d77e,45898359,Debt Consolidation
c3c63911-be01-410b-a20a-85cb9bb83712,45886372,Debt Consolidation
a913063f-af67-4a8d-b663-e83b9085180d,45886371,Debt Consolidation
e326b52a-66a2-4155-925a-91dcefa97c8a,45864590,Debt Consolidation
add946a5-20a5-4211-bf22-408525123b1d,45863153,Home Improvements
cb6f7b00-62e7-4e18-8e73-73e60396e270,45862971,Debt Consolidation
e6246fe9-6b7b-448c-a817-f91b58199e32,45852535,Debt Consolidation
ebefe6f6-41d6-4903-a694-7e98d69ab755,45850607,Debt Consolidation
eda0e007-b2b1-486a-b4ce-58adefd6c0bd,45800965,Other
82bf9406-2a78-4db2-ac3f-05b024cfbb54,45800836,Debt Consolidation
5dfdc862-7427-4cb7-ae6a-a6b8c9f9eae2,45795675,Debt Consolidation
c5dca97f-d869-458b-ad84-b12093926dd4,45795582,Debt Consolidation
0905734d-fa9f-42fe-a612-b653393ef027,45795234,Debt Consolidation
10d9c56c-56f9-4a82-ad94-e95ecc25a58a,44430967,Debt Consolidation
ac8e5698-16a9-46f0-8b57-3fa2e145f8fd,45767587,Business Loan
a656f70b-632d-4513-a20b-88f1edf2c21e,45767425,Debt Consolidation
6b3d25b3-33b8-41e3-9995-d6a274ac5844,45751466,Debt Consolidation
af0a5a13-350d-4540-a254-c32545ebe2cb,45735981,Debt Consolidation
d4407af5-9e67-4465-9415-94c3b9575ea4,45735025,Take a Trip
65d23a2f-1818-4cfb-923d-75bdb52013f4,45596728,Debt Consolidation
f95c766b-55ca-43a7-966c-67a3ad82e142,45583580,Debt Consolidation
cc43b784-97e5-4a6d-a75d-1e03f7d059dd,45578504,small_business
f8fa11bd-d0d2-4c9f-998e-9f9d866803a7,45571287,other
875c3df0-d022-4aa5-aced-8f29d6722489,45403745,Debt Consolidation
769e4e52-d0e7-435c-a87d-1dbf2daaaf94,45395917,other
41e8f5a6-78a8-4f1b-9de3-4c6079d52076,45395916,Debt Consolidation
c3552bfe-912d-42f2-b25e-73d899e0de8b,45359510,Debt Consolidation
89dbf9cb-714a-44de-9412-add4e3e85c45,45348204,Debt Consolidation
dd80a04f-e1d4-4182-9bf7-a1966558e28a,45319796,Debt Consolidation
4066eff2-4f29-48dd-9408-9c0cc68afc42,45307667,Debt Consolidation
a652d67e-e99d-46d7-b8c4-aba02bfe3403,45182453,Home Improvements
628dd91e-2c5e-4a07-b5f5-00b4cbc93253,45182452,Debt Consolidation
1e5e3699-94cc-4887-ba33-29d0b1096a15,45182449,Debt Consolidation
b69432ba-4651-415b-9fe1-200469d3c9fd,45168511,Debt Consolidation
2f5d0697-7dbb-44b2-9bd4-db4a51370f61,45123683,Debt Consolidation
8ab9234f-3964-4c1c-bda0-d993fbd62f24,45105047,other
42a25517-cef8-41d4-b56e-629e17618252,45094595,Debt Consolidation
9386034f-3370-496c-8695-0082aa055281,45094582,Debt Consolidation
443bcf4c-2f98-42c9-8034-0870be82c4c6,45014230,Debt Consolidation
a58abd00-1fa0-412b-8d02-4a272f3c4d66,45008032,Debt Consolidation
65688ec3-f816-4745-8eb0-79a08c41ecfd,44821932,Debt Consolidation
d4fe49c5-f897-4540-9366-f2099e3bc9b6,44812223,Debt Consolidation
534159bc-4ac2-4f65-9637-12ba88afa78d,44429318,Debt Consolidation
8310d972-63ad-4a60-9a79-4a75862fb5f6,45945049,Debt Consolidation
119b9755-018f-436c-aa50-0a9b4c13f0d3,45945048,Debt Consolidation
61d9fcf2-81ac-409a-8582-7dbee3c2d28b,44740613,Debt Consolidation
2948d139-5fcf-40af-9a32-7e3d0f181164,44739540,Debt Consolidation
121819ed-eaeb-44a0-b6be-5311b12fea37,46026256,Debt Consolidation
2107184a-4425-409d-a86e-76c0134d797e,46016066,Debt Consolidation
f30d1652-e200-4672-8d07-e4e2b2c1f3a8,46016034,other
96352ce5-5129-4444-a07c-9e7390d2352e,45985897,Medical Bills
875edb92-c7ec-4a05-8824-912927f015e3,45985898,Debt Consolidation
a4f187d0-8f0b-4b39-afed-525e169f53cd,45985546,Debt Consolidation
dee684fd-e1f1-48f7-a97e-c4fb2287f7be,44430812,Debt Consolidation
d1fc9fab-c527-4bb4-83bf-09ac9e459766,45923207,Debt Consolidation
5caa7b9b-6313-4d33-8e01-cd3a81a1f771,45922934,Debt Consolidation
14357507-a87b-4196-9895-0e9fdae22b65,45787945,Debt Consolidation
872e132f-e066-40a3-926c-16e51fabce5b,45709422,Debt Consolidation
6d56e22d-99f0-458b-a02f-3480c5ccb3b1,45491612,Debt Consolidation
f07b51a2-773f-403c-bca8-8b49db584b1c,45491535,Debt Consolidation
885c40ae-6672-457c-8ee4-03c2f5069b6c,45491398,Debt Consolidation
57c8c784-d7cf-4cdb-a0c1-4a79716dee82,45463374,Debt Consolidation
e44cd186-969e-402a-a477-34623d8cb71f,45374450,Debt Consolidation
99565f3b-7644-4f15-b869-4bdde4cbec4e,45369965,other
3fad35c7-6e68-4844-975c-337531bdb98f,45358574,Business Loan
20bca72c-e5f3-4513-bab8-42f8fde05607,45347634,Debt Consolidation
572b4f50-926c-4fa6-9c78-864898ffdee4,45347636,Debt Consolidation
170a2bf9-fd2f-4a9d-9f2f-7d2ecfb22b34,45318811,Debt Consolidation
efd9fafc-ba0e-4d8d-98c2-86a24e361606,44669068,Debt Consolidation
f8edc5d8-1b14-41e1-8f74-0df42e6d9e61,44403673,Debt Consolidation
ad1bee4b-5993-49e6-afbe-f344f079ada0,44391932,Debt Consolidation
4dd12f87-b666-40ad-a1c8-3794557f96ed,44247112,Debt Consolidation
41408c28-ce1c-4acf-8a2a-2941c93b84dd,42662787,Debt Consolidation
e840a6a8-28a2-4b38-9863-390381eebee2,39777150,Debt Consolidation
a900656d-6764-4fe1-bd64-8452ee62e540,33675085,Debt Consolidation
01579727-e7e1-4621-98de-ea7b6f0a68a3,46005034,Debt Consolidation
32c5d204-f4d0-4174-907b-a7882629a563,45981200,Debt Consolidation
008f1b41-9312-44b3-8531-c00f3f28da51,45980962,other
ea65b743-89e5-4d97-8ecf-03703ebb2254,45980961,other
7648926c-e646-442d-a9e3-12e388c104a6,45980908,Home Improvements
976a2cac-aebd-4945-84fe-b2d6dfdab4c1,45947103,Debt Consolidation
1eb4c0ae-7d6b-4764-8b74-60a24e341cd7,45947074,Debt Consolidation
b23ef893-c6c5-4265-a1b1-b15dae47049c,45947041,Debt Consolidation
210e2ee1-da9f-4425-91ce-3ceef9375924,45946873,Debt Consolidation
7d91aa45-370f-4d1f-9552-bfe5b2114dc6,45946740,other
a203fa20-677f-44b3-ae93-cbb2c9071c2d,44430580,Debt Consolidation
d75e5258-a7de-439b-8793-7a7c09f79469,45942818,Buy House
4b6f02e7-0ed8-4741-a068-b8366b05d6f1,45942311,Other
67005762-fca0-4199-b797-72b89189aa99,45941986,other
e9ca0f79-3980-43aa-96b7-d210f4b4f8a0,45941733,Debt Consolidation
697dc6eb-f12f-4751-88c1-350f9acc1583,45886367,Debt Consolidation
4a624373-e8df-4aec-b8a3-9fe0d51a81b4,45886232,Debt Consolidation
81efdeb9-ed7a-4ac2-905d-e771d943781c,45874592,Debt Consolidation
fac9e81c-fcea-4670-a7b2-2761de9c2c6a,45864238,Home Improvements
26881993-c57d-436d-9c53-747c93062d58,45863033,Debt Consolidation
54f7a5d4-9950-4609-9ad4-1567214d55f4,45862802,Debt Consolidation
77621b6d-9931-4e65-84a9-a63e526c8425,45856155,Debt Consolidation
90eacbeb-a1db-433d-881e-0f0b899dbd35,45852503,Debt Consolidation
ab2dd4c2-7967-4ca8-a1e3-06b2180d2eda,45851317,Debt Consolidation
ce6562c3-f100-4342-8fe8-f03d33ba9ff4,45833873,Debt Consolidation
8b38a9dd-8ced-48eb-9274-b11eacc9d61f,45800872,Debt Consolidation
e18004ba-2c00-4b05-8a7c-4aa5e064bd15,45800716,Debt Consolidation
e1b24cf6-7a52-45fb-9819-20fec94fd46c,45795614,Debt Consolidation
79806be3-e91d-4778-bad3-1625eab52c4a,45795550,other
1114a7c5-4cea-49c1-b4e3-7ca2183da503,45795183,Debt Consolidation
46042ce5-d55b-48e7-a7ef-e366bd9a990e,45782875,other
b2d8c240-ab29-4e47-ad29-b36d33ce850c,45782430,Debt Consolidation
b982ff23-cc94-4f94-8b9f-ffb6952a5d0d,45782176,Debt Consolidation
b9fd3ef3-a307-4f0f-8eb7-6dd81065eaf9,45758856,Debt Consolidation
e5aee504-b3ea-46a6-8080-323b9e03606b,45743606,Buy a Car
cb107c87-a35b-4dd4-8def-32b1d1fc022d,45735782,Medical Bills
98897c15-fe6e-4355-a7c5-172f2fef683c,45734955,Debt Consolidation
b3b5a924-cf67-4854-bc9d-fb4578e415a1,45717652,Debt Consolidation
4743708e-2969-462c-baca-1bbe549fa00d,45704612,Debt Consolidation
bbc5843d-49f6-4133-b380-7c992c9bde86,45697318,Debt Consolidation
c8db376b-19cb-48de-ac87-86fbc191c6ca,45696774,Debt Consolidation
15b6288b-6cc7-46ab-a05f-07a66de90594,45612428,Debt Consolidation
4d944982-59d6-4a3c-8e11-e16e01107f79,45596351,Debt Consolidation
74b7e7f9-537d-4f7d-99b7-18a7d19a074f,45593642,Debt Consolidation
620f3b20-fcc6-4d91-8518-b6e840265b4a,45593610,Medical Bills
8f9d314b-fd65-4ae0-9670-f9bcbe365266,45593571,Debt Consolidation
1b4770da-77b2-4d1b-91ff-f1aff109ec60,45593515,Debt Consolidation
332119fd-3f18-414b-a20f-caab811e1c5b,45583504,Other
f0c23640-cc6f-4b51-b581-caacfcf96a1e,45578440,Debt Consolidation
4a6b72d0-a633-4663-81e3-a8d80a6ddd6c,45577835,Debt Consolidation
1f6909a8-e8ab-4a06-8613-4d1c3e47f682,45577834,Debt Consolidation
b0f056bc-5174-48f8-9e07-36efa8ea3b9c,45571242,Debt Consolidation
cfd7fec3-7953-4d1e-9c37-a1f85d946780,45555304,Debt Consolidation
374d894c-0b82-4b42-8839-f3cc41bc4097,45554432,Debt Consolidation
ec82d38a-9841-4651-a99b-bbae805d8260,45554240,Debt Consolidation
8fc3a318-ec83-47bd-812b-0752bc03ca26,45554172,Debt Consolidation
e9ec45d6-2b2f-408d-847d-60152b09c9a7,45519978,Other
d1e923ec-acf9-477a-a6ef-bc7a452b1f20,45507117,Debt Consolidation
9bceb9c7-2f9c-4083-aed1-074fa65116b7,45502376,Debt Consolidation
8ea4a6b3-f3e9-4650-8dd1-06a4658c13c2,45396391,Debt Consolidation
a0b5d6a8-1d2d-4ccc-afb8-071ce8568abf,45389196,Debt Consolidation
7a803b96-d81d-47d9-971d-40fc1a72e912,45384575,Debt Consolidation
86996221-8347-488a-a56f-acd59fefd078,45384513,Debt Consolidation
ea469114-fc51-480c-8f4d-b3a9819255bb,45373215,Debt Consolidation
fd149f1c-f169-453a-8a9d-24adbec35042,45373166,Debt Consolidation
ba96acd2-d156-45f8-a4d3-34aab4b12e32,45361631,Debt Consolidation
7b58bc6b-da5a-4b55-84b1-922fcb35108e,45340773,Debt Consolidation
3facb4ad-7820-433c-979f-bb8df0ab3060,44429885,Debt Consolidation
d00c7418-06c3-4b0d-a329-defa9884c7b8,45333936,Home Improvements
eb427bde-c8db-4bf8-b681-a28129acdb52,45309050,Debt Consolidation
d17473da-6063-475f-9a80-01fbec10657f,45295935,Debt Consolidation
e31c29cf-ca05-425f-9b3f-4764bf806173,45295259,Home Improvements
b6e99e16-fe7c-4bc6-bb1a-3e3893acc6f5,45295174,Debt Consolidation
a2d200ae-277b-4536-baec-cf670467315f,45175101,Home Improvements
29209e40-7ce0-49dc-9d40-648211a05673,45175036,Debt Consolidation
c44ca1fc-ff25-4efe-9cb4-84744ef604ee,45174934,Debt Consolidation
6348a923-fd5f-4b80-b1c7-66a9493c4671,45161580,other
6c46a87e-2937-41eb-896e-04f480db12bb,45116943,other
1a0951dd-d662-4a40-b063-647839111d0b,45090568,other
e92b5887-7d96-4a98-8d7c-754222991380,45086978,Business Loan
545f60ac-a2cf-4390-a21f-8f96d74f6588,45086052,Home Improvements
99cf2720-48e8-45d7-953b-52ff1020907c,45066583,Debt Consolidation
a8a6724e-668f-40e2-ac82-97a58c23eb24,45003858,Debt Consolidation
dfa94735-8756-45f8-be1c-4ef12f9397ce,45002799,Debt Consolidation
93b90b03-2616-48d6-8ddb-fb484d881d98,44846646,Debt Consolidation
8ff2d033-21ae-442e-98fe-df70d8340875,44844312,Debt Consolidation
9d892d0d-5b6e-4cbb-8bcb-348e1a64cc79,44809477,Home Improvements
f0ab9acc-c8c6-48ad-b91b-555530cdbba3,44425828,Debt Consolidation
a44e0215-3183-4296-a3b2-79f2ee3fc58b,44204368,Other
0bf9cfd3-d64b-446d-9a21-02455e00e823,43880580,Debt Consolidation
64a2901e-440b-45db-afc6-ef26192f3445,43632789,Debt Consolidation
a0c5de8b-543e-4b5e-9d41-53239196ab90,43143426,Debt Consolidation
cbc7488c-f536-41eb-b248-1977abb00d8d,42564378,Debt Consolidation
350f8d58-46e3-4755-9770-9aeafc865975,46022142,Debt Consolidation
13ba0f3a-fdc5-4450-96c8-148605eb3650,46022141,Debt Consolidation
0db1e80a-9ad6-4fe8-a477-834adb949c77,46018770,Debt Consolidation
3df2de5c-2eb9-489c-8272-931e92168d49,45987770,Debt Consolidation
3e698954-5597-4ab9-bc4b-134620e0dd1b,45987736,Debt Consolidation
54f66553-d57d-4726-9a60-87c0d58921ae,45987713,Debt Consolidation
5692a0fd-f3f6-4fe2-916d-ac3c73fadeb3,45987675,Medical Bills
dccfdd5b-5556-47e2-a3f4-ee3303280a5c,45974091,Debt Consolidation
b2103475-bde1-4346-8fca-469eb4bbb06b,45957260,other
fee689ce-e931-412f-8074-cca0c074b380,45947082,Debt Consolidation
6b5a6e83-7511-40c8-aafd-0229cfad2aee,45947054,Debt Consolidation
b45c6064-00c6-4081-9ffc-b0232487c940,45946882,Home Improvements
5bb59772-5822-4d9d-8090-a137b7cbb605,45946816,Debt Consolidation
7dfc1e9f-9560-4d0b-9484-87febccab72f,45942787,other
0bbee426-08ff-4672-88b6-199edcd1ae22,45942234,other
829d30a3-677a-417a-923f-ee9a2e44a262,45941779,Buy a Car
311e9385-6606-44fd-bc33-468404e6b020,45941515,Debt Consolidation
c3673488-fadd-45b2-9557-61bbd083e5d9,45924872,Debt Consolidation
55a2bb5e-cd16-4141-9bac-9dbaecfdf3da,45924871,Debt Consolidation
31e379bf-2c2b-4ce0-9525-936c5a9fe733,45924870,Debt Consolidation
e84bf849-90a1-46a8-abdd-c3ddd8603609,45924873,Debt Consolidation
1719704e-0ac6-49b6-ad0c-c1f830be7b0c,45917804,Debt Consolidation
fe48b90e-6bbc-43bb-82df-039593bca3b7,45912782,Debt Consolidation
48f0170f-9883-4077-bf28-185aec7d4bfc,45910327,Debt Consolidation
7e8bf45d-6ca8-490c-8fd5-65996aaf8c55,45893802,Debt Consolidation
295e39eb-0101-4aed-8bd3-15cd40e4d638,45893805,Debt Consolidation
d45e0169-fe85-4a83-b0a7-7b17fc1957d7,45893807,Debt Consolidation
63d12b72-4b31-4b49-952b-2f0a8c669980,45893808,Debt Consolidation
57ced483-0ac3-41eb-b22e-8e2bb22e7b5f,45893801,Debt Consolidation
b1f7294d-794c-4d44-b1c6-c558d4c71855,45886341,other
cf677437-10a9-4cf0-bf77-c8c588749b33,45886201,Debt Consolidation
35e87c65-34d4-4c50-8e25-fc6d9c48b53f,45875089,Debt Consolidation
b0abe073-893c-4529-a0b8-b2f98da2ae18,45864102,Debt Consolidation
5558b7ae-153b-454e-ba32-16a7d4439108,45862957,Debt Consolidation
7414a8f0-3d74-45aa-94e3-2b90ff04c48a,45862591,Debt Consolidation
fb697810-b2e7-4d98-8a08-59d4a69d56f0,45859158,other
f340deb1-d4f1-4c46-bf49-1467aa0c15ee,45856136,Debt Consolidation
014b7156-33db-4dac-b093-0901ff4b4dbf,45852474,Debt Consolidation
c35cedca-ff49-49c6-83b3-896180af11e6,45851302,Debt Consolidation
e52b1146-d633-4b9d-8f96-1f62be018ff5,45833853,Debt Consolidation
50520e11-f7c1-47ed-b38d-591694014064,45800805,Debt Consolidation
d4b0672c-0753-4409-9ab0-a6b6e09ba2cb,45800695,Debt Consolidation
3ae5ca1b-5bcb-4570-8f77-ea92b39b8f4a,45795577,Debt Consolidation
f7374548-ac77-40fa-96ef-5c6c8a718861,45795249,Debt Consolidation
e328f5e1-aa70-4220-8cdd-a95062bf7073,45795175,Debt Consolidation
d1cd4a3b-1c0b-4ecb-85bb-f1e57159a3dd,45782860,Debt Consolidation
76cf3285-ac14-4f89-b089-0352eea85221,45782390,Debt Consolidation
41c9a7b9-eb1d-4e97-adfb-0e35d43233fe,45782158,Debt Consolidation
a8a1ff3a-e9d1-4b16-b31f-bc911dd9f9af,45758829,Buy a Car
67ec3be4-48db-4a2f-8e14-465680189cf1,45745040,Debt Consolidation
b0bc39c4-4786-46a1-924e-b7a38a7bd55c,45743583,Debt Consolidation
7a4158ac-a251-4150-b0cd-999456d308c2,45737114,Debt Consolidation
e4524b23-f90f-4790-a286-c3022ea0e4a7,45735578,Debt Consolidation
2f23b2cc-53b0-469a-b69c-a0f565f3c1fc,45734907,Debt Consolidation
69382bb1-d5fe-459c-ac95-8e49a7f07526,45717641,Debt Consolidation
88a599fc-5760-4a52-b07e-d6ce5a8eba99,45698944,Debt Consolidation
617b1d39-9349-48e5-b9ac-323268c96c2e,45697234,Debt Consolidation
e583c5f6-4c42-4494-9ce4-b19b7a577225,45696700,Debt Consolidation
796e46ac-07f1-4e93-8869-592a92c73baa,45612409,Other
5c6ede3e-b576-4da2-8047-e4447cbde5c3,45596342,Debt Consolidation
778cfdb2-fa4c-4407-965c-acd2843f7c43,45583450,Debt Consolidation
b8215a16-4301-4a6c-a4f8-1b35725e6925,45578378,Home Improvements
b88a6b90-ef3d-4eeb-9035-bf6a2bd8bb51,45577864,Debt Consolidation
a18b8bdf-d9e1-4ed2-bf9b-be8eed6feb50,45577777,Debt Consolidation
cf045fc8-1d73-4b28-9038-72d2e5367c30,44428880,Debt Consolidation
712fa429-26ed-4eb7-9a90-ec5a38515d50,45570936,Debt Consolidation
947fccf7-dd72-4523-87dc-c2aa4d519b2f,45560497,other
94fb329a-df15-4cbb-9548-01fdcf471517,45560498,Debt Consolidation
3946cb35-af9b-4987-a149-17a680a0e644,45555288,Debt Consolidation
b73342fe-151f-4834-8c07-fac9e131a0bc,45554252,Debt Consolidation
cc497727-8f03-4a42-9b62-66264228dfb8,45554209,Debt Consolidation
e39e64d2-01c7-472b-b2a6-2cd9d5adb75d,45554124,Debt Consolidation
d14505fa-f9df-4df4-b99d-9b225508edce,45518854,Debt Consolidation
2c677e68-e88e-4e4c-8764-be39f33d4372,44429035,Medical Bills
9cac1412-0ff2-43d8-8b0b-8c2410b0877b,45502346,Debt Consolidation
13223345-1aa9-41f8-9992-7cd4bee7bebc,45396387,Debt Consolidation
ff1cd31b-5399-42af-9781-1de4a826da19,45389189,Debt Consolidation
bbd1f989-501c-4ade-a106-52dbd0e605a1,45384550,Debt Consolidation
275b5f09-53ca-4cc3-849f-ce0de768823c,45384497,Debt Consolidation
ea6f86c1-b858-4c1f-9a15-f2e156075698,45373187,Debt Consolidation
dbc6a3de-a8e0-4717-ba5d-fa29b32ad01f,45373060,other
6cb83e11-1b4a-4de8-9bfa-c05ad4f7a74f,45361590,Debt Consolidation
5ef05316-4c55-446b-8f4d-3717ef24139e,45340766,Debt Consolidation
09ee53d8-721c-409e-964c-02d61a32a20e,44428108,Debt Consolidation
33e3bb16-2f75-4f9c-a411-c24d8cdaac01,45333927,Other
a5f48dc3-a1e8-4142-8dca-db3bad348221,45328545,Business Loan
0a263af1-3cf0-46a5-8778-2088cb578f6d,45309039,Debt Consolidation
ccf52b75-8043-4c53-b4c4-2a11e7491d64,45297941,Debt Consolidation
7ecfc187-4291-48de-bcb9-c69fea1b01d3,45295923,other
b4774176-fa67-4511-9c85-8d520d8f6dc9,45295186,Home Improvements
45b4b502-67d5-4ed6-83d4-816b75a99054,45295090,other
446efa73-f5e7-4669-91d1-f7dc862616a5,45196358,Debt Consolidation
2face333-cbeb-4a53-810a-7c3772361300,45175065,other
224479ee-d733-43ee-9026-0f8a55a4c736,45175024,Business Loan
589b77fb-9fef-476f-9dbb-9ec8334c976c,45174921,Debt Consolidation
4fab3b4e-b6c8-4026-9489-bd85500aa57c,45161364,Debt Consolidation
9b7b1c39-ef85-4df8-a960-eed6c1c9dd93,45116925,Debt Consolidation
3b69b469-aa46-4a88-8894-2deb3f5ee6c4,45090373,Debt Consolidation
0873dcf0-0420-49ee-895a-8387a46067fe,45086946,Home Improvements
672f3954-fb2d-46de-98f7-4feb10d679d5,45086030,Debt Consolidation
cf50bd7c-6054-485f-a13d-50582c9d126d,45004309,Debt Consolidation
7a38c71c-2ec7-40e6-82ca-d17404b2c8fa,45003822,Debt Consolidation
1ca21fca-3a48-4e3b-b102-86593f1d46cb,45002783,Buy House
d5b06de7-8937-49b0-9a26-fb924fa295cb,44846634,Other
bac27e44-8a0a-425d-a6dd-8e7e69b704a2,44844263,Debt Consolidation
0de7c2a5-69ee-499f-9306-b7848d21c8c1,44809439,Other
a65d7dda-ddc7-45c9-b5d2-dd21360e6f94,44483524,Debt Consolidation
a0a1a2e4-d9b1-4b93-abd1-b78ecd0bd03f,44483525,Debt Consolidation
bf516feb-c0c4-4726-b0e3-64529cff38c6,44425818,Debt Consolidation
db2b921e-bee8-421d-9940-152ac1c218b2,44204202,Home Improvements
2c9c59be-1ae5-416e-be3f-35d4119d300d,44176504,Debt Consolidation
3f372a25-fa51-459c-b656-474a4aae4d56,44088124,other
18824443-89e1-410b-aadd-0b67744bdc6e,44046739,Debt Consolidation
3c0cd075-74d4-491d-841c-9974e4347339,43477356,Debt Consolidation
21cba266-0f92-4708-a59d-1e044c320b74,43458250,Debt Consolidation
7039e8b5-5638-4e16-b394-e0b001986da5,44427490,Debt Consolidation
41d0511a-5f2d-40c9-a0ee-3faf245a7f67,43143189,Debt Consolidation
26c8f507-3222-40b3-ba06-f87016ea7b60,42707376,Debt Consolidation
a4390dc7-f064-4fac-8b9b-e8e34bae216e,42549629,Debt Consolidation
dc88617d-995b-4e19-aa38-8291c7cd824c,45837663,Debt Consolidation
74e7f127-771b-4ff4-9e30-5c22ba667a5d,45638183,Debt Consolidation
d2bc00d7-000d-421c-b06e-e2af6768ed18,45268666,Debt Consolidation
f6485fa0-5051-42da-8b4c-0db7d86cc116,45025738,Home Improvements
69e0f3d1-38d3-4755-b6cc-b0097582521c,45243120,Debt Consolidation
af3f0141-7a33-4207-b841-1d72f43530d3,45889477,Debt Consolidation
b9856971-bebc-496e-bc7e-a272dc3d1616,45852482,Debt Consolidation
7f576521-7a53-4308-a07b-e7a73c775d59,46037743,Debt Consolidation
f04efa44-f832-49b8-a299-c6288c7451e7,46004496,Medical Bills
0d560e64-77a6-4e11-ba6e-5a8fe4cf8fd1,46004335,Debt Consolidation
f6fa99fd-5a17-4d2f-86f3-a2273b72339f,45922830,Debt Consolidation
b2ded006-94f2-48b3-9bc7-9cbeba77fb9b,45153374,Debt Consolidation
21512a3d-b0bb-4582-8f05-bcb5888c35c9,45419523,Debt Consolidation
cdea9e7f-3c6c-4592-a2d6-6ddc02745f8c,44184912,Debt Consolidation
20dd745a-83dc-431e-a0e4-23dd45ab8d8d,45740450,Debt Consolidation
7e2841df-e290-4f85-894c-70e8593ec1b1,45182215,Debt Consolidation
5ca0880a-a5d5-4dea-a6bc-b2bc4992282f,24067313,Debt Consolidation
05bccf31-675d-45d2-9cf4-e442c75649dd,24067288,Debt Consolidation
bbb39b35-957a-4991-a5f2-b216530f4f58,46015189,Debt Consolidation
b5c8dce6-bdba-411d-b499-d1a858f14602,45901219,Debt Consolidation
5c5ddef4-c6b6-4a31-b82b-74cf776cf9fa,44906501,Debt Consolidation
9d5d574e-54fc-49b1-b703-4fd987e5cb20,44906474,Debt Consolidation
1a9aeef4-ce80-45b2-b46c-02a7f8d1aa82,44906301,major_purchase
65a38a69-dfb4-4b7e-b643-54a09ec4b88f,42857230,Debt Consolidation
c907e4a8-bc42-45ca-8b15-6d279548a13e,42613510,Debt Consolidation
49dab571-442c-4ad5-8b53-af4c70a576fd,41469511,Debt Consolidation
b28969ef-0236-4d90-8968-2b16d70e7f93,41469289,Debt Consolidation
3d8754ee-b6a2-4426-8a23-2c834e02455f,41378268,Debt Consolidation
91fc42ab-13d9-479d-b836-a041432ee327,41378143,Debt Consolidation
6a491870-47f6-4e8f-a1f7-69238cbb36f6,44772706,Debt Consolidation
aace3752-f07d-42a9-9235-7e8636d38115,45276595,Buy House
a40c6aca-f661-4d5d-8b86-0931da884ef6,45964523,Debt Consolidation
8802227d-5c24-4840-aaff-f98572e12685,44425094,Debt Consolidation
dc4411df-1a8d-4bd8-9651-027746328744,45964157,Debt Consolidation
6369130f-be4f-4b12-bf74-c4c10d8e40f1,44425017,Debt Consolidation
052b4dca-5f63-49d2-8ee3-9c00d1bf30e0,45958381,Debt Consolidation
5ff402e8-0e66-480c-976b-ae4956c1c037,44424940,Debt Consolidation
660a90bb-1f5d-4b3b-bb9b-07bb300f7584,45958355,Other
23fb927c-a359-4a52-bdc0-c87954bddae8,44424863,Debt Consolidation
c720f6eb-4ca0-44ed-8f2b-ec793ab3fe99,45958304,Debt Consolidation
50fc569b-4c10-4bf7-946a-19271094eeb1,44424785,Debt Consolidation
0ff9f655-f448-4dde-90bc-bafc15201291,45958103,Home Improvements
334adf3c-1d49-40fc-a096-56d5bfc3a9ae,44424708,Debt Consolidation
6f57ec66-e98e-4b87-9430-6da1ceefb465,45844990,Debt Consolidation
70f98c0b-b451-4164-a1e0-b38eb0b9d869,44424631,Debt Consolidation
7c13e540-46dc-4b18-a514-9069809e3eda,45745151,Home Improvements
551477b7-6c79-4dfb-a73a-269083b9d01c,44424554,Debt Consolidation
ff945309-e3bf-490c-bfc4-623efd090e44,45643803,Debt Consolidation
198f88f6-6b01-474d-b28f-21c65b7a25c0,44424399,Debt Consolidation
3952776c-7f3c-45a9-a60c-d0af79f6d95d,45589114,Debt Consolidation
4ceaf239-8680-45a4-9b95-f4ed2e717cc7,44424476,Debt Consolidation
2e3b5a0e-8003-4ad7-bb36-7708bf105829,45546931,Debt Consolidation
d2fcd137-f3ad-4c1d-8e22-93f4d9cba21e,44424322,Debt Consolidation
b1f222c1-b025-426c-8762-d7b4d0d2d150,45230596,Debt Consolidation
8e726630-6b95-4b50-80d4-e78a30ca0cc3,44424244,Debt Consolidation
543eea46-a6fc-452a-9070-dd4a5a49d26e,44663527,Debt Consolidation
8e4e2db2-7719-481d-802f-7fb550dc6530,44424167,Debt Consolidation
86107c32-a9ca-4b3a-819c-be7a2044188d,44649688,Debt Consolidation
337bd0a9-616e-4479-9d56-bf0352305f0f,44424090,Debt Consolidation
70a21210-7fea-412f-913f-5c288fa089e8,44649686,Debt Consolidation
bea030f7-a415-4585-8f25-697235249315,44424013,Debt Consolidation
2f31db44-10b0-4650-8523-16ce660da02b,45804658,Debt Consolidation
7e09e279-b2eb-4e12-a9df-0603da7d1401,46035693,Debt Consolidation
0e8ef568-94aa-4db5-aac1-e2fd32cab5ec,44423935,Debt Consolidation
84b651a9-1d98-4754-b321-93e00ea22224,45916456,Other
a1946f5b-3349-42b9-8837-541f665e6bda,45916450,Debt Consolidation
d1f77567-b385-44a7-85b5-15e6d4fe55c4,45916444,Debt Consolidation
e8ce26b9-0d9d-4d17-abab-b185ca7f1c33,45916438,other
8af53bc0-56a4-4801-a960-52a46a90b33f,45916436,Debt Consolidation
d392107d-ee3f-47ab-9ee2-58e871c748ea,45916426,Debt Consolidation
86efca2a-66b9-4c88-8048-5b1db32e57b9,45916417,Debt Consolidation
a503c8aa-2eb4-477c-86c0-56a69c55aaa2,45916383,Debt Consolidation
b87b6cec-f436-4259-946d-30b3e658ca74,45916344,Debt Consolidation
fe3d5087-8419-4974-85eb-50289bef6a6e,46006404,Buy a Car
04420fd1-3ef1-4e15-a103-be8a82e734fb,46006396,small_business
33c0d9e8-479c-4ace-8635-b5a6a215bd2f,46006394,Debt Consolidation
36cdd8c0-0524-4a4b-b2be-c7334871fb84,46006395,other
0b0be66f-b289-4bff-bb7d-55b2c83f2458,46006387,Debt Consolidation
faa71fe3-795f-49d4-9114-038a564eee5c,45903782,Debt Consolidation
4af7782e-a6e7-489c-b620-951689927eed,45903783,Debt Consolidation
6249b6e1-e0da-45b4-959d-168c4327c5d2,45903781,Debt Consolidation
7757259a-9e51-4cf0-8efd-f8ce0811a190,45903780,Debt Consolidation
55c26512-3838-4493-9595-cfdd1cf940be,45903719,Debt Consolidation
11c69f33-a585-4d54-a7d9-d91448658fd9,45486819,Debt Consolidation
252f9029-5323-40a5-9981-71309e540194,44249550,Debt Consolidation
231ed59e-c72a-47ac-a1b9-859d4cab4c59,46041295,Debt Consolidation
aad6e955-1704-4b99-aef5-aba1557da3b0,44430266,Debt Consolidation
30f73ec0-139d-4a76-b8ff-789ab92a9b6e,45600408,Debt Consolidation
7ab541f8-1363-454a-835e-3a276af2e818,44423858,Business Loan
251f8ba0-a368-4971-896e-acc3cbf04e3c,45923603,Debt Consolidation
4c406f7b-03bc-4726-9560-5ac7e0ddf918,45923600,Debt Consolidation
52ce73bf-bcbe-4c3d-be80-dab8a30aa8a3,45984667,Debt Consolidation
bbce74bc-994e-4088-a9fa-6b53885544a7,45984665,Debt Consolidation
b1f7005f-fe35-4ec7-85dc-bc115a02ce3e,45984632,Debt Consolidation
ae21d0b3-20ed-4b74-97ee-5d0ae36b4c77,45904804,Debt Consolidation
104bcd45-1ed7-42de-b4e3-437fd5828184,45904795,Debt Consolidation
463ac4b7-e7ef-4c68-9ef3-59e1b48a20cc,44753004,Debt Consolidation
a30ee24a-532f-4da8-8e5e-efce4ab6ffa6,44752594,Debt Consolidation
b7338701-7366-4318-a67a-18781eeed25b,44752616,Debt Consolidation
b7f2896e-7fe5-441d-bc24-fb60def0b57b,44752359,Debt Consolidation
c0e09b3f-675e-4e8e-91d0-ffbfba42841e,44752203,Debt Consolidation
f409b5d7-755b-42bb-97ce-d60a327504ea,44752255,Home Improvements
5bd92448-d734-4870-b8c8-e453f796b0d8,45784537,Debt Consolidation
898e9058-a89b-4dba-ade8-9dc9e764687b,45784531,Educational Expenses
6952af9d-2b85-4a8e-ab8d-b7d0c4b5c737,41850752,Debt Consolidation
cbd4a55c-de64-4484-8832-a6679c3e8b39,45502015,Debt Consolidation
dc878bea-681e-4314-9f8b-bffdbf432c0b,44486018,Debt Consolidation
d2cf9b72-1ad0-434e-9d56-62204a7f5bc0,44182772,Debt Consolidation
894172aa-0545-41e9-a3ba-12fcacf3d21b,45773500,Debt Consolidation
f84b177d-7e5f-4ed6-9106-3957a3b0c0fe,45745645,Home Improvements
26127fef-4ffc-405b-b770-b09d5ce433e8,45745640,Home Improvements
418de1dc-15bf-43b1-a176-97ab9b47c9a8,45760416,Debt Consolidation
de986a16-57fd-407f-8299-b96545418ca4,45759786,Buy a Car
10fe9bcd-cd9c-4621-bf3e-3c75e3f17213,45560047,Debt Consolidation
f79b50e4-4923-42bb-8f34-25877d67ea73,37003305,Debt Consolidation
6a8507c7-b17f-4261-bec8-8501f6c92f7c,44423781,Debt Consolidation
ad1127c3-f0f6-4de7-8822-9365577c3103,45969705,Debt Consolidation
58ea8a3e-9a8e-4fcb-8790-4c0d2c6401af,45925079,Home Improvements
39a303d4-325c-4428-9ba0-229664fefe62,45925082,Debt Consolidation
68997ede-e8e3-4ec4-b827-8a3b004b5ed9,45925080,Debt Consolidation
7319b744-5b28-4157-bf77-dd0140667bd8,45830496,Debt Consolidation
634ef5a0-9a0f-4d3b-994f-bd319a863b91,45811646,Debt Consolidation
30b146ec-ccd3-4a78-9098-a5a35fb04342,44789736,Debt Consolidation
7ce271c2-f5cc-4b5f-90ac-15fe511550fb,44695810,Other
146d048d-dcc5-481c-a38b-da80922ce384,43623076,Debt Consolidation
e1777c63-0ccb-4271-8b7b-fb876257aad1,46038666,Debt Consolidation
2c529a9b-19dd-4859-8d1c-4e109af82cc1,46036043,Debt Consolidation
f7a19274-7b48-4113-9db8-c1ddae7b48d6,45737861,Take a Trip
0f11021a-735c-4603-8eae-437b3015c5b2,45735824,Other
19ab349e-f2a1-4b40-946e-02aa7e21b620,45735531,Debt Consolidation
60d79426-60f1-494b-a638-a4f96293971a,45735142,small_business
ef003eac-063d-470d-8183-f41a3924a049,45511825,other
cd142aff-0345-4186-9de4-48f141d2e024,44087454,Home Improvements
afc11ed0-d8d8-4c17-b41a-e5eca1dbdca1,45705736,Debt Consolidation
3a8cbd7c-a112-4f12-b865-89f1863457d2,44949453,Home Improvements
5f25f043-6fb6-4926-a235-06a5af552024,45952627,Debt Consolidation
27c84903-47f9-4521-bedb-4dee6597f75e,45724780,Debt Consolidation
cdcb8fc8-e9a7-4253-acba-9232d70d81e3,44520267,Debt Consolidation
72cb0e8c-210c-4a89-9473-3d6389a6d21e,43511476,other
6c1e9543-97d9-4530-8318-fb834e065d12,44963610,Debt Consolidation
908071ff-6485-45c0-a366-16270ada3063,43384864,Debt Consolidation
4fe45d92-7af3-483f-8742-c698df9aab08,45588395,Educational Expenses
01c0be5d-406d-4f62-8aa0-a2a749aa9af0,45560093,Debt Consolidation
3109be79-d1e3-4459-a3db-0b96c26ae948,45797403,Other
51c7fcc5-7f6a-4d83-ba65-285b61c56580,45922985,Debt Consolidation
4cdc7e7b-30db-457a-9848-37a5d885718c,45920603,other
b8bf6471-4e0a-43b1-a136-56fd9068d303,45895269,Debt Consolidation
b51831a4-533b-420a-9421-992ab7caa677,45895117,Debt Consolidation
4980928c-e71c-4606-8a00-1c445993f64f,45895066,Debt Consolidation
dd743d28-f7ba-4cb5-b98a-70a7d94721f8,45895044,Debt Consolidation
ba3bcb51-0897-4d4d-b53a-d810bbe21001,45785404,Debt Consolidation
3d2ca694-aeae-438a-a1f7-89989754f0f3,45811639,Debt Consolidation
2d93916d-3536-45ce-8d7a-6f0e012e96dd,44423704,Other
b3fa4669-da05-4c67-ab99-14bbeb8aa3f6,46029124,Debt Consolidation
fbec14e9-c124-4274-b5e3-a6f4ce775efe,45908253,Debt Consolidation
1287ffc1-d407-4c0b-bc7e-3234b2bffa14,45908161,Debt Consolidation
69062944-583e-414f-8988-38b6f4489a1f,45908093,Debt Consolidation
d771c795-5990-4818-baaf-e92a265f3e29,45907998,Debt Consolidation
e3a1d4b5-40e0-4154-8c54-51d8d36d01fa,45907992,Debt Consolidation
f70b5570-ae19-4932-bc0d-85e127ff02e0,45907975,Home Improvements
4ac7c3a5-381b-4df2-a8dd-4b4ac07451c1,45907823,Buy a Car
2577881b-7182-47f5-a5b1-15d5ce6ed8ee,45907805,Debt Consolidation
f9bec73c-47ef-4cd6-9dee-48bab732206d,45907698,Debt Consolidation
7d83b1f6-cd92-4259-95ee-327302f38262,44423626,Debt Consolidation
5646438b-3a07-4e74-b3a2-d45dba2c5ff2,44423549,Debt Consolidation
fc4047b4-fc3b-4c4c-b1ec-36c0605e8aa6,45717690,Debt Consolidation
079099b8-dd59-4de0-8395-1ac649e0857b,45716256,other
c9744206-6ff3-46d7-906c-03dbccbad8f6,45509669,Buy House
92a40d27-b253-4bac-bfc8-c40671dbf070,45138096,Debt Consolidation
edcef72a-de44-49fe-86cd-c595e288d830,44013163,Debt Consolidation
a8722212-71a0-4df4-8961-f0c968a2ca1c,41405485,Debt Consolidation
9d7117e0-b34e-4c46-9b32-467d5f272af6,38278533,Debt Consolidation
c4bd092e-0a93-44fb-9488-0da9377feed8,44423317,Debt Consolidation
91115279-4ef1-453e-8f81-7e7640015609,37640726,Debt Consolidation
2f8fef38-5dda-4c53-b568-291ccd61c6e8,44423240,Debt Consolidation
722f3f3e-af1b-4f1b-b87f-bed01cebbff9,44590806,Debt Consolidation
9a0821bd-fd68-4b1f-bb3c-306b05aae23b,45269403,Home Improvements
e29b11ca-7ebd-482d-87d8-018a35a00dc8,44423163,Debt Consolidation
4fd589dc-e657-484f-94f8-2f2f868bcb46,45979761,Debt Consolidation
79515501-dcc9-4069-aba1-50e997250e67,45965460,Debt Consolidation
335d98ce-04ae-4996-a7fc-95b7182c7986,45965457,Debt Consolidation
5bfc9a04-264c-4131-97aa-2c6483c4b622,45965452,Debt Consolidation
e9973a04-a446-497d-84b5-af7d745a24d3,45965450,Debt Consolidation
490bb92f-a36f-4280-a173-a1c46933352f,45889172,Home Improvements
0b2717aa-d4a0-47f2-b763-27358c4d9a2a,45424879,Debt Consolidation
2de4f37d-df49-4495-8af3-dcf1a02329e3,45424963,Debt Consolidation
6d383d58-6ee3-4986-b434-d96ca58bf587,45300558,Debt Consolidation
aa2ae732-89cd-4be6-ab9a-cd11f9c942b9,42977919,Debt Consolidation
4deeb396-8ce2-471b-9bbb-af896505d6ad,41765814,Buy a Car
dc2da644-d2d2-48f2-81ec-2d6ede737536,44698509,Debt Consolidation
451d340d-076c-40ac-8ebb-1cd45dfe88bc,44423008,Debt Consolidation
d72077da-f7f7-4575-b27c-fb65e246d3b5,45383974,Debt Consolidation
101d808f-d1b1-47eb-90a9-2176bf62d0f3,45938685,Debt Consolidation
579fa918-fdc5-47c2-acbc-ff41675ab57c,38419337,Debt Consolidation
cfc59665-2766-4bcc-930a-9c785d44b810,44378528,Debt Consolidation
cad75897-91b8-495f-8c91-cca7aedb3ff0,44422776,Debt Consolidation
534405ce-e320-4b2e-baab-defc519be63f,44422236,other
cf282b9b-b391-4f13-a9e3-67ee778ed53c,45885539,Debt Consolidation
b34900ff-bab1-4be1-ba71-fbf0781eb787,45534546,other
d3c0b600-2ad5-4515-b81b-a9aee31ccc25,45534532,Debt Consolidation
c5aaca69-43c7-4237-ae7a-855df4a842ae,45534516,Debt Consolidation
ec8937f9-6b50-4614-9c5b-7a65e46a1d7e,46038557,Debt Consolidation
32fa1bcb-18d8-4f06-a757-c80d5c94fe7f,45977229,Debt Consolidation
24c7d115-4356-4dbd-8ebe-e6d243ae55d4,44421849,Debt Consolidation
63bb3e26-ee5a-4c35-9d29-253ed61f96f9,44421617,Debt Consolidation
5cac967b-d131-487a-9bd5-8152c252917e,44421386,Debt Consolidation
a5a1e8e0-961b-4f70-ad1e-2bf3f38f7d21,44718958,Debt Consolidation
288be5d4-fa9f-448f-9d4c-d4ddea13520e,45991032,Debt Consolidation
a8f95a10-9405-4461-b7c7-58ba079e8bc2,44421154,Debt Consolidation
ab648386-9ad1-47f8-89ed-3da59d80d9c0,44420922,Debt Consolidation
1468624f-e777-4d83-9d04-abac4a0c55ff,45964450,Debt Consolidation
214e3655-269e-4644-808a-f2fe393b5b98,45964416,Debt Consolidation
12513bb7-5b45-45b5-85bd-fbd6335a8846,45964408,Debt Consolidation
855b8d13-2cbc-4497-ac55-6462356e7e24,45964216,Medical Bills
f692fd57-e2c8-4aa9-aeda-b4828ff04593,44420304,Debt Consolidation
860dc298-4222-4fe1-b15e-0aa8f8cf896c,44420149,other
4c119d42-d1b8-4cff-af1e-26b1e86793e5,44420072,Debt Consolidation
1117ad6b-dd9a-423c-a084-640293239388,45926575,Debt Consolidation
abff1e64-62c5-4d18-a15e-518d94d7c8c9,45926568,Debt Consolidation
5dbf98eb-c2c7-46ff-9b4b-6b0d4706f9ef,45926561,Debt Consolidation
ffae0171-ea9e-4ae1-a31b-d905421ea121,45881113,Debt Consolidation
0de251d3-c894-472e-8018-c534da135f64,45880493,Debt Consolidation
da7e996c-35bd-4761-9df5-6aed61f75874,44419763,Debt Consolidation
be51ad48-3a65-4eed-8256-16268140de5a,44419531,other
41528397-7640-4dfe-b177-d0bb4bbc3ff1,45877931,Debt Consolidation
b44f2a51-b62a-4875-8d97-1ff3755768ae,45877178,Debt Consolidation
4f9dadf0-5192-40e2-b414-172230b778fb,45860148,Debt Consolidation
58d26615-813e-4860-be82-66c649911591,45860138,Debt Consolidation
e649de8d-5031-4ae8-a623-06d2a1b2c71c,45860053,Debt Consolidation
3ca99329-b196-47e1-8ef3-fb79785c964f,45859953,Debt Consolidation
fce47fa3-198d-4084-8b78-69ac65823405,45773068,Business Loan
7d1281ce-e030-430e-aa73-ce1de77010fd,45773051,Debt Consolidation
03d44d6b-e583-48d7-8a2b-5dea8f72977b,45772994,Debt Consolidation
89a96ebb-fca6-4f68-84a4-5ebb361c6849,45772977,Debt Consolidation
6596eeda-0941-4735-9495-26a2ed6b9538,45772956,Debt Consolidation
431e37d9-b4c5-44ba-be2d-300ff85184fb,45772940,other
143d5e60-9a29-460e-b06d-2ddcb076aeae,45758639,Debt Consolidation
73da3edd-8381-4493-9c3d-8d6b72c341a2,45670129,Take a Trip
24a32166-8f8f-4aad-8a62-f7807e8f81a1,45501584,Debt Consolidation
e2ffd7f4-e4e5-4912-9b8c-0687a001079e,45501566,Debt Consolidation
096d61fb-29e9-4bfe-ae72-16c87e5854c0,45501542,other
0a3a34eb-b501-4867-90a8-cf2501e74ca4,45263815,Debt Consolidation
e0c1fa65-4360-48ce-8733-89a5ffbace3c,45249846,Debt Consolidation
d3b25b26-43f3-43a8-ac3a-973f33f7c6f3,44853480,Debt Consolidation
e478bddd-2324-4e89-8c98-fe252556ab93,44419454,Debt Consolidation
2383e95c-104e-4f46-accb-2a3caf9511d6,44119605,Debt Consolidation
36ba4b22-c23f-461d-885f-c0a52e9cd6ba,44537647,major_purchase
4453aef8-cf3d-48b4-94b0-3fcd4f55735c,45786737,Debt Consolidation
49bfe26d-631c-461f-b1c7-7025ced6fe79,42680468,Debt Consolidation
8fb4d4b6-ee02-439f-b79f-2a4c1a94c756,36881961,Debt Consolidation
65292f08-aabf-42c5-806c-3a5145a361c6,44419068,Debt Consolidation
23f36715-5a73-4402-a6e5-0c4fce3f0051,45321386,Other
6c4cd297-22d5-478c-8a6c-3d275cce79eb,44418681,Home Improvements
65073e90-b338-47b4-b714-0eb6b48b47a9,45812570,Debt Consolidation
dfc2707c-eb6a-466a-b62b-433dba4aa692,12134429,Debt Consolidation
12b69dd2-a99a-470f-ac2b-b7b8ae7fbd2c,45930690,Debt Consolidation
658e7204-9640-457e-868e-d2afda78ceed,44418295,Debt Consolidation
f3fdee01-7050-4414-84ba-988d47bab888,43089521,Debt Consolidation
335cfc18-c9af-4423-9baa-99903c134793,44417986,Home Improvements
3bb7bc78-afdf-48a8-b450-e470aea3de76,45849057,Debt Consolidation
6f48c4bd-d93e-4dbe-a97b-13a43d1237af,44664046,Debt Consolidation
c5258f59-754a-447f-be59-396295897bf0,45905681,Debt Consolidation
75141969-e723-4da2-b43d-06335e982197,45905659,Home Improvements
fcc52548-7cbb-409f-b8ce-c2d80a8c7cc6,45905644,Debt Consolidation
03a7e8c2-6439-4c2a-bd32-2fa1f250500d,45880818,Debt Consolidation
0819139b-5875-4495-bf65-923057e4e79e,39296429,Debt Consolidation
4a0a7c2f-4ee8-49f9-a258-c3a9152c2d3e,45249932,Debt Consolidation
756641e7-785e-401a-bafc-9687414c88a3,42123387,Debt Consolidation
2925b3ef-8c48-4b70-825e-a6cca78ebbdf,45944104,Debt Consolidation
8dee3c24-2e5d-4da2-ba79-db0685bb796d,45149957,Home Improvements
d0e6e4a7-e344-4a46-a095-f2eceac01b11,45319754,Debt Consolidation
ecec655b-a5fd-4a19-b694-fd2d2709a421,44828661,Debt Consolidation
b25b439a-fb64-4d84-b237-ce185a1078b7,44417522,Debt Consolidation
c0d083d9-a8fa-43ed-9bd9-a2ccfe418c0a,45189081,Debt Consolidation
80e1e47a-b5c4-4aea-94b5-1da50e13797b,44756414,Debt Consolidation
9cf0154e-2335-44d8-af3b-927e85c6907c,44743416,Debt Consolidation
be235a44-a7ab-42a6-821b-068a66eed81e,44416981,Home Improvements
0293ffa4-93a6-4f4c-83ba-16864172fa2a,44416750,Other
e61b2c3a-500f-4e9e-9937-09fb71b76f7c,44416595,Debt Consolidation
846d8ef9-6a01-4cb1-af63-a001ca0558a7,45132907,Debt Consolidation
75205da7-77af-43b9-baf4-4597d942f476,42289296,Home Improvements
3c28b64a-924e-4602-82bd-6e1c1218a1e8,44752789,Debt Consolidation
1b0e81ea-81a0-4b2d-96d5-d275825ea5e5,44752619,Debt Consolidation
c8d3864e-366d-451c-8e23-6bdca5fb6bd7,44752544,Debt Consolidation
148df809-9ea8-4558-a641-e50b60f63238,44752398,Debt Consolidation
32389692-88a4-4bf7-a008-d1d8225b5d50,44971429,Debt Consolidation
f3475898-5b32-4e3a-bee8-b737c4d2cb50,44416518,Debt Consolidation
db3e20b5-d903-4555-a8ab-27b3dac22fb6,42672307,Home Improvements
0c6706b0-acf4-4c79-869f-043a66488eeb,44307723,Debt Consolidation
732b1101-9a7d-4df9-b7f9-497e598f0454,45752912,Debt Consolidation
1adf0dcb-2d22-43c4-aa1d-dba665484cb1,45288191,Home Improvements
c7651b1d-3ba0-48f2-af64-40755518431c,41954274,Debt Consolidation
4b3adf0f-01da-4be9-9752-48599b11d33f,44669651,Debt Consolidation
881b512c-daae-4587-b47b-ad30109c850c,45954389,Debt Consolidation
92418167-8286-46d4-a1e7-dd9a0dbe870b,46005846,Debt Consolidation
cf24f4cd-0cf5-404b-ae80-dd59cfa5e92c,45820255,Debt Consolidation
ce37f199-02e6-4bfd-afa4-6d426c49ab5d,46039523,Debt Consolidation
04d84683-4a61-428f-ad1c-e8c24f9dfa6b,46039522,Debt Consolidation
a1f011a5-9011-4beb-8f0e-d1e0454d7aac,46039516,Debt Consolidation
6057917b-f21d-48e3-a2c6-96464f70044b,46028357,Debt Consolidation
9ccdd8bd-490d-4407-b10b-dd2cb7bcf093,46028313,Debt Consolidation
ecc8114c-5111-49e2-b5d3-309be9a957a6,46028289,Business Loan
9209a0c5-cd92-4d86-9075-e7ee6407d8c6,46026615,Debt Consolidation
bca30391-40a8-4ca3-9826-50bab5bbd592,44416209,Debt Consolidation
1c949391-c0e4-49f7-8dfc-0a5e86aa0cd2,46006860,Debt Consolidation
bbd5411f-1486-4720-a8c7-8744b843eb41,46005057,Debt Consolidation
62c5de04-47d5-4068-8080-f8eeac15bd70,45981209,Debt Consolidation
4b06df35-6e05-4a5d-8d9e-0f06faccf764,44416131,Debt Consolidation
c559a327-ce3c-4a9d-8356-1ce0ded3f433,45978371,Debt Consolidation
39ae5a81-54e1-41cf-9666-1d34eb154b56,44415900,Debt Consolidation
48316067-7300-4fb5-99cf-faca40482d56,45978369,Debt Consolidation
5df01a6a-7109-4bc9-86a5-c315eed0825c,44415745,Debt Consolidation
48457da6-e1ce-4cea-a3fa-d4526ad41c0c,45978368,Debt Consolidation
6cddcb24-2493-4ef3-830a-96c78d1942df,45965792,Debt Consolidation
88e9196d-fb60-4cb9-9cca-0a2f3e149490,45965674,Debt Consolidation
bb17f5d9-5ed7-4f46-bbcb-662a5a007e5c,45965673,Debt Consolidation
0d171c4f-f993-4d5d-b560-211a9ab5aea7,45965584,Debt Consolidation
085db717-c72d-46d6-a11d-44eef898361c,45965467,Debt Consolidation
a5cb9cd6-a551-42a0-9464-9bca2db8e2f4,45965466,Debt Consolidation
fe0483d2-ad52-4c83-814a-b744e3889211,44415591,Debt Consolidation
e3725edd-6a1e-496b-923f-d0b69cef53ac,45960132,Medical Bills
8348872d-6a17-4a7d-bd26-e67790a7e88b,45947230,Debt Consolidation
01961118-4a9b-4f56-b65f-0b1b819fa936,45947212,Debt Consolidation
720eb131-b29d-4b8a-82f1-d57ed915c065,45947207,Debt Consolidation
a33bceb2-c5c2-42e6-aa23-97c67c312679,45947193,Debt Consolidation
6e26d3ad-7bf1-45cd-83d0-993961607444,45947189,Debt Consolidation
26c92040-5225-444f-9acc-f259a299ffa0,45947181,Debt Consolidation
5c4c0e17-66b7-4bee-a85c-07bbdf5baa2a,45911676,Debt Consolidation
3da11c35-b7da-4bc1-9bd6-f55caa51c9b6,45911675,other
c788573c-a092-4c71-8432-e64bf898d563,45911674,Debt Consolidation
5b8a87ba-14a0-4c0f-8cbd-25049e8bf758,44415436,Debt Consolidation
0c023c62-d53e-4f1c-b98b-40d062be4272,44415282,Debt Consolidation
49dc21bd-fee1-486f-ac93-3984c7ec8cbd,45908415,Debt Consolidation
7e64e3c8-e041-4306-8fb0-8d24f91551fe,45903656,Medical Bills
f94dd2f8-77b8-4458-9a30-cdaeb981b4b4,45897176,Debt Consolidation
547d511d-518d-4edb-a7e4-4da7d99c4451,45897122,Debt Consolidation
029d3437-12de-41ff-893c-59e394b5545c,45897121,Home Improvements
c1d14e6b-9bee-4f21-90d0-24ea3277e450,45860637,Debt Consolidation
ecd5c346-d804-4e41-9c04-bf89e1426ea2,45846032,Debt Consolidation
e775057a-27a1-4a58-a743-722bb38537e9,45838841,Debt Consolidation
34ed8884-abfe-4b80-8f60-d757389df2ab,45802287,Debt Consolidation
06bd25e1-d5ce-49e6-bc57-75b5b1288e8a,44415050,Debt Consolidation
7f582ff7-63ba-4d16-a954-7aac88bf800d,45755638,Debt Consolidation
9b2de8bd-9cba-41ec-833e-8d418ad28bba,45740997,Other
57bbba46-dcbb-422a-9339-4811e73328cb,45726682,Home Improvements
245c4275-1d68-4593-99a5-14a1bbae3f5c,45726574,Debt Consolidation
102e3547-43b0-4afc-87be-80725df43531,44414818,Debt Consolidation
7fcc46c0-e856-4208-8a14-9ef934540545,45726575,Debt Consolidation
01d09a1b-da08-4655-8acb-69f413163df8,44414509,other
def77c62-e19d-4420-8ae8-93003d45c22c,45719181,Home Improvements
a7e1808f-57c7-4bc0-a9b4-b2a4035a5cf2,45652615,Debt Consolidation
2a25e85c-5d56-460d-a205-af0f74426cab,45652121,Other
3b0c39cd-50e8-4e95-b908-d8be7c3b3ff4,45651954,Debt Consolidation
d7aa67c0-7a24-44d4-8cdb-f10680d653ba,45651942,Business Loan
1138eb3d-b661-4f35-b566-6a00b936757b,45630519,Medical Bills
eee8c699-f22a-4b65-9033-3ac420666118,44414200,Debt Consolidation
29efca41-df8b-4962-b843-4e05fe82b3f5,45607766,Debt Consolidation
9651ad66-9c39-4528-8de1-90f633d552f7,45607765,Debt Consolidation
bc9dc2b6-fcfb-4320-97d3-6552b732712e,44413968,Other
6333a342-db91-4dbc-be8e-ada0e9643e2a,44413891,Home Improvements
e5680b96-23a6-49f2-b54a-cc30be6ef477,45568932,Debt Consolidation
4a8b66e6-84fb-4207-91db-8686aa2fbf05,45567162,Debt Consolidation
2b1c1c46-558f-405e-8e77-be173829fe98,45554998,Debt Consolidation
e15896f6-a73e-4bd1-a60b-c225670f394a,45539107,Debt Consolidation
3a1d08de-f898-431f-a0c1-6e8eae6b52b7,45539105,Debt Consolidation
147f9f4f-af24-475a-a433-ac7faec7b241,45514342,Other
e7d8b321-e7d5-477a-a7e5-a14db66fa4a9,45491493,Home Improvements
7c7ef6bf-ec84-4a90-aab1-fecde6f410a0,44413582,Debt Consolidation
1b552571-c7d0-451d-a4eb-2c88b6733fb8,45469436,Medical Bills
5f5791b1-a70e-41c7-ba41-38c2f7b56428,45466492,other
cf863afb-2bbb-4c54-9576-692f7fec03bf,44413273,Debt Consolidation
aa9516cc-0e62-4403-a7d5-56bdf56c2327,45410026,other
278e48b9-d468-42cd-b10c-54d5bc95c77e,45315486,Home Improvements
4e2cdfc6-7075-420d-9d33-b411df3a423a,44412809,Home Improvements
62bd523b-fe11-4304-a5fe-8ecf8b70bf84,45274090,Home Improvements
f7e48066-d9d0-4bb9-911c-abaa655ba903,45274089,Debt Consolidation
6341e3f0-bb80-458f-b11c-20b173b78197,45274085,Debt Consolidation
0b0a4f24-d71a-4147-9acf-a4bd8ed27aa1,45266631,Debt Consolidation
0e30c15f-b285-4153-a145-264dcd297672,45206821,Debt Consolidation
60914f05-796e-423d-bdf1-cb30971daebf,45206823,Debt Consolidation
48d1a3a1-2e47-4e47-ab31-1c3c65a2c34b,45206822,Debt Consolidation
873778fa-04b4-4782-a6da-cf8781d5696b,45206824,Debt Consolidation
5fefd479-b29d-4000-832b-f8e66acd10d5,45171983,Debt Consolidation
3a091fd6-cb3b-4fa4-9c56-3cd37f9486c9,45171984,Debt Consolidation
10188856-7cc0-47c7-9ea2-28a5ad265ba0,45150163,Debt Consolidation
616c5401-4e9c-415e-9b7f-5f57ac80760d,45142723,Debt Consolidation
b28c47e9-5ad8-460b-8df5-cc02fb8b79b2,45142717,Debt Consolidation
7bf9cf90-b214-477e-b8a2-b49a4bb39d3d,45142719,Debt Consolidation
e3d42aaa-5eb6-4a70-ada2-537e30210a8a,45142718,Debt Consolidation
4f0fb3dd-9f66-491f-804e-beb1d8ffe01a,45142716,Debt Consolidation
8a986e31-aed4-459b-833e-25ddc7919e62,45142721,Debt Consolidation
5f2c1e45-3469-472d-94ff-355a7449f4a4,45121424,Debt Consolidation
9fcea1b3-1447-4a51-be07-cc98d5c0459d,45086325,Debt Consolidation
cd2b5d30-3e91-4712-a8e2-a430ec4af765,45086319,Debt Consolidation
523362f7-020c-4321-a6a2-9f0c124edd19,44994123,Buy a Car
1d71c452-1c07-480a-9bec-ed656a319501,44412500,Other
6eaf8ab1-2b5f-408d-8e0e-795fe6235052,44412268,Debt Consolidation
a2ca1902-9dc1-41ef-9a8a-27978a362a6e,44412191,Other
366d01a7-e9a3-43b6-b47d-67ac9e4a2c61,44967275,other
d5471734-c351-438c-913c-1c19b8cb053f,44871452,other
b9a9f4c1-ea3f-48cb-80ab-707a7ffbd98f,44859931,Debt Consolidation
22ce66b7-7d80-44f8-8172-ebf097d9195d,44411882,other
41b50163-6c7d-4887-91b7-4b1e26733c17,44688750,Debt Consolidation
d3eb5219-abb5-49fb-85f4-202952a064f8,44548885,other
f26bcb7b-da6b-4284-9ab9-f1ccb7c3ce36,44524426,Debt Consolidation
dbafbd6c-60da-457e-9a22-289d3a39b6b6,44411650,Debt Consolidation
84ccace3-cc1b-4847-8a9d-2b4036907ae8,43829075,Debt Consolidation
35e52040-c7a2-46df-8814-096de074ebc9,44411495,Debt Consolidation
3682e768-364f-4eb8-93a4-eeb87d82f37b,43679504,Debt Consolidation
3eef640f-9680-4f86-a724-49ae70ae1bcc,44411418,Debt Consolidation
cfa3779e-9dba-4d08-8e02-e94e2cc1da56,42835971,Debt Consolidation
7d439e4f-ca8f-44b9-8f8b-5a08233a74e0,44411341,Debt Consolidation
de49db7c-73db-4308-bd33-09a4936a11ce,42525486,Debt Consolidation
37a0ae65-699d-48bb-92ea-eeed71acae14,44411264,Debt Consolidation
f5b66727-1166-47bc-87a3-f2e7b6a52209,42445043,major_purchase
82860ac5-f836-4ebc-9cb9-b76dbf0f0c68,42070399,Debt Consolidation
9bd020dc-24a6-44f8-852b-2eb1db44025a,44411186,other
45e9eed1-2337-4311-8794-aae754d5efdb,41144335,Debt Consolidation
16ab22ce-ce4a-40c9-9956-3be815613015,40950140,Debt Consolidation
0ff3dc88-fb2c-4a55-a16c-e05640f5b74b,40883967,Business Loan
8521048f-5013-4fbe-8ef2-d4f99b33195d,44411109,Debt Consolidation
129f054c-ef1c-47c1-a4c9-b1b276790391,40103682,Debt Consolidation
2e9eccfa-1434-4e1c-a9bd-d4e076eaa3d6,44410877,Debt Consolidation
b2b56bc6-4a82-433b-adbf-591c454b2199,38664932,Home Improvements
b43eddb0-b935-4727-912c-836824250f9b,44410723,other
f6f5d383-3289-47ff-add7-d3cb0da8a3d4,38495992,Debt Consolidation
8dc38a27-e50d-4943-bf17-b98cace1c8d4,31945123,Debt Consolidation
b561136f-8303-4e97-b3e3-48ec6ec59e1f,44521882,Debt Consolidation
78b0468f-e25b-48e0-9a28-081ca8a34e3b,44629981,major_purchase
2f2192b3-3b03-45bb-ab7c-798f751bb38e,45264054,Debt Consolidation
46e63e5c-f470-4074-8754-f54dc77d6fdc,45263656,Debt Consolidation
325c515a-76ce-4253-b831-9cd0718ce727,46038156,Debt Consolidation
d3b351c0-0890-4bff-a78f-5517fca55a37,45972195,Debt Consolidation
9cffeff1-1ce7-40e8-a8d7-cf7b97471706,45972166,Debt Consolidation
e037dafd-939e-4858-9660-1f0d4a66a2a2,44410491,Medical Bills
5d5a27ea-fde9-4346-8813-cb593fc1039c,44410414,Debt Consolidation
535934c6-6883-4a1e-bdac-528e6fd586fc,44410336,Debt Consolidation
e50eda22-43a0-45dc-ac1a-cd3c656c1c1e,45230413,Debt Consolidation
f115e293-26b5-4121-988c-0e24dbc5138d,45192185,Debt Consolidation
ca3195e3-c84b-4bf3-9a34-22b18da2ad7b,45183644,Debt Consolidation
bd49b9d4-3cd6-4864-aa07-3f0e316e284a,44510615,Other
2dbfff01-c73b-4050-bbe6-ff33263c178c,43927189,Debt Consolidation
0a0f745d-af21-452e-9fd2-61e58d82cefd,45972205,Debt Consolidation
f3875275-fe3e-419d-bc03-613c6d0ab679,45972178,Debt Consolidation
3e1b8afb-a4ce-4c4f-a35e-aadd2d94e3e6,44148011,Business Loan
0d0ad90a-1640-4a72-8522-cd9ef624e45f,45813914,Home Improvements
5d0fb375-fe28-4a92-93a2-198a58db08f0,44410182,Debt Consolidation
985715b6-1fc1-4bd8-bd33-5a15b6e252ba,45721029,Debt Consolidation
5c777161-95c0-4994-8784-f4118cb90d00,28248823,Debt Consolidation
c44aea4a-64c4-4d27-aa3c-a68a508e758b,45208478,Debt Consolidation
025a2809-be89-4092-bbef-25abdba9a84b,45076634,Debt Consolidation
b0368b10-1e70-4b7e-b7d0-bfe8921ac3a7,45038878,moving
8006e540-35f3-401d-8189-2e74c05dceab,42924971,Debt Consolidation
fa51e339-3b33-4540-9c79-06f926cf5f41,43929882,Debt Consolidation
eef02c95-0eb0-4cf8-bc36-ab59317c6d35,45909158,Other
ae062a52-eeeb-48df-a223-1c23d9c371a6,45744690,Debt Consolidation
f4bf1845-041f-486c-9581-aee7f5d1e1f0,45530268,Debt Consolidation
e6db2d55-ad8d-4058-8550-48abb60c9946,45971987,Debt Consolidation
0b868838-2e4d-4383-8f4b-6b72b23e0533,45743942,Debt Consolidation
07018d69-926e-4670-81ab-ffe21aa310fb,44978259,Debt Consolidation
d33424fb-225a-4da7-be13-02898a30f0b3,46040676,Debt Consolidation
96cdd3a3-9416-44d6-85bc-84ad5692e8ac,46035947,Debt Consolidation
0dfff725-9a67-459f-ad36-c42a1f2415ed,46033620,other
67280b2b-bd71-4044-a916-30c8754ece25,46018726,Debt Consolidation
c0bac377-83a4-4802-b06a-3fece9d48d26,46005058,Debt Consolidation
2d25a5e8-d919-4ffa-bae9-44a3c7e2ab1a,45986243,Debt Consolidation
1040ce75-242e-4c2b-b010-b5a5cc7304df,45973281,Debt Consolidation
3540b028-272c-4165-9a49-7545c189e40b,45968081,Debt Consolidation
eb3f604d-def5-4483-baf0-985db4295954,45932708,Debt Consolidation
72121902-8a40-410c-993d-2c65aa4dd8ec,45919332,Debt Consolidation
a9840b25-3e50-45de-9bb8-1e801313ee27,45916648,Debt Consolidation
bc0d512f-d85a-4072-8c24-6b9f8a5e8fda,45912557,Debt Consolidation
d996ca0d-458b-482c-ace0-0913fd315c3b,45902812,Debt Consolidation
fb31b667-76f8-47b1-9132-2e9b3eacfb5a,45873065,Debt Consolidation
82468e7d-9012-46fd-89a9-8262ead4e758,45851112,Debt Consolidation
587104b6-ec44-4ea1-9267-e694fcb1982f,45849584,Debt Consolidation
47fb3b41-f0d9-4499-ad8d-06ac2b12815b,45776637,Debt Consolidation
14473410-367a-4dcd-8e28-f32f3e7a7ea5,45775063,Debt Consolidation
3731c161-d6d3-4ce3-a0e7-3421ec022758,45496671,Debt Consolidation
f79e07e8-4585-4dfd-baf3-f81ef9dc9970,45451188,other
f372a1e3-dd8a-4cc4-9640-ef461c4ea010,45419426,Debt Consolidation
f5276daf-b042-41e6-956c-d01b29eb9c48,45317449,Debt Consolidation
7864afb3-c44e-49db-80ce-49752a0fec72,45235337,Medical Bills
c4362c57-82b5-4504-9fcc-ccdc239ec5ee,45181074,Debt Consolidation
bba4710e-8ac3-4945-8134-0e744b53e2c0,45113560,Debt Consolidation
1dcc4639-98f6-4ac0-9740-275e505861cf,45093043,Debt Consolidation
7f24d6a4-7b7c-4b50-b805-2e0cd8e06dd4,44987417,Debt Consolidation
3189e7bf-0372-4dbe-8510-4fb12b1aabff,44363909,Debt Consolidation
0a84ae20-7322-46b5-91b8-1ef6ba3bfbee,43371653,Debt Consolidation
af2e300c-b36f-40fb-b41f-5e4111c67b30,42565493,Debt Consolidation
2c39bfa1-f599-4151-b890-f9cb128f4459,42565494,Debt Consolidation
50325561-6df2-4230-9291-6d191fb114d0,42565491,Debt Consolidation
d6a60f35-f8dc-4c7e-9c36-41d8f1a18922,41484330,Debt Consolidation
d793d4d3-e97f-4d1f-bfa8-7a93dcc09b04,44410105,Debt Consolidation
2f441684-f9b0-45f6-918f-0be70218bec6,45979583,Debt Consolidation
0d528128-e5eb-452c-a82b-e632d68d0a37,20905974,Debt Consolidation
4ad3ff10-39ab-400f-b9ef-756311d93647,45987543,Other
8a99f953-3505-4027-9997-be6bbf8910b4,45834929,Debt Consolidation
e5a147f0-5eed-4dfd-afe6-8b04570ea297,45728954,Debt Consolidation
fa584f27-b4b0-4b64-9759-7a96c7be9741,45725620,Debt Consolidation
34846126-704e-4da5-a46c-556f4bd22e4a,45371719,Debt Consolidation
531649a2-6909-45ef-a53f-72f486cea625,44482284,Debt Consolidation
944be93f-1b22-4771-8c13-7cc1df8fb19b,43950008,Debt Consolidation
298df863-e50b-40ae-8f9b-d6e35d967460,45947843,other
9bd347f8-e817-40da-aaec-e5a933249318,42775714,Debt Consolidation
fd474aad-4893-4e87-9cb6-df89a9c7ec05,45983005,Debt Consolidation
f36a1f08-8378-4c24-8d3a-c6aee24223e6,44629711,Debt Consolidation
9eb9018b-c80a-4ac9-8a56-81d90aafecb4,45531249,Take a Trip
39600a7a-4951-4254-8f03-3666de16b9f5,45946496,Debt Consolidation
c70c6824-0201-4249-9bfb-12ad818439e0,45672267,Debt Consolidation
c165a1c0-bfbc-45a8-ba02-b95d8a1deb7a,44409873,Debt Consolidation
f7f37736-0831-46ff-8e52-511d8fde2452,44409796,Debt Consolidation
9d7758f7-9965-4255-b9fa-76da15297f7e,45404474,Debt Consolidation
134b2a54-3c0d-42f8-8778-e6153ccbd17d,46004187,Debt Consolidation
3d777466-b355-4329-a176-5f35cb36e9bc,45839935,Debt Consolidation
8190f8f2-2a4a-4a41-9564-af4d7f9ed933,45783389,Debt Consolidation
9b5a864e-a819-4a73-89be-23d63eb79f78,45632203,Debt Consolidation
3973c3f1-7d09-4a0a-9c5d-e00b8421ba5c,45597735,Debt Consolidation
94736f05-23aa-411b-a2e5-77e7ca602426,45597733,Debt Consolidation
d96bf630-1f39-4f5e-bf98-94b1a21e0266,45565162,Debt Consolidation
2a727c5e-e469-4ef0-9e32-e7f0ac91c284,45481328,Debt Consolidation
9e81c289-8cd2-4df2-84e8-563fdea43a3e,45479494,Debt Consolidation
ab2b3b11-9d16-4f81-9ed6-a432153146d8,44989855,Debt Consolidation
ca9b7093-a797-4efb-a690-769c4e3065aa,44869214,Debt Consolidation
0592f083-a4ac-4456-a550-d0951f116fde,44827365,Debt Consolidation
770bfbef-d171-43f7-8ec2-3c0d35921836,44812621,other
f917e21c-1752-421b-9cd7-d78f6fdbd077,44476321,Buy a Car
98475dbb-0e5f-417e-978d-24363beaf85c,35557303,Debt Consolidation
761b3af9-076b-446a-879c-89308a7d8d23,46017432,Debt Consolidation
728d608a-6a3a-4ea2-8758-a5de40c498bf,46017439,Debt Consolidation
8a14293c-93c0-4811-a767-d7914f34ad7e,46017425,other
d610352d-2f49-47f6-a65d-c5a4f3c29679,45875587,Debt Consolidation
adadf4d9-115f-4c2a-b749-b833e387237b,45247674,Debt Consolidation
ba6b7eec-4549-486d-9ed6-ce3068818145,44734282,Other
cc3bea33-6f75-443b-8b39-2a106bf64943,45562020,Debt Consolidation
f45ba6be-b06a-4976-b70d-42bff9156541,45907353,Debt Consolidation
1e2ec361-2b22-4883-965d-fdbec486d591,45675487,Debt Consolidation
c7aafb0f-ee4c-4138-b205-6b2c244a9237,44409409,Debt Consolidation
06106243-70db-4d52-b6d5-0e87b08e319e,45463453,Debt Consolidation
331cd72e-e9cb-4da5-9702-818e17ea0b95,44967336,Home Improvements
b5bff934-6efe-4a70-bac4-d1f14303c822,44759438,Buy a Car
3da60ed4-c9db-4c23-958f-53f2b80baa8f,44759434,Debt Consolidation
c7d80f81-7233-4954-9017-326293099d3d,44759410,Debt Consolidation
1037a561-c11e-430e-bf17-232df70385e4,44409255,Debt Consolidation
964b2bfe-efbc-4ba9-9c90-378491a63d7f,44409177,Debt Consolidation
5e16fa1b-3ce8-4225-81e9-3e8ff39e9f9b,44759406,Debt Consolidation
dac9ca67-9d7a-4431-92e4-45e9c3406269,44759435,Debt Consolidation
ee48647b-a97c-4278-8a7b-1c43b195a638,44759409,Debt Consolidation
dee5fbc1-cf51-43fe-9422-dfb52240e56f,44409023,Debt Consolidation
919b0dec-d235-46ac-8cb4-3be4ada80fd5,44408946,Home Improvements
ed605bab-f626-428c-8634-b7d1cc4bd3be,44759416,Debt Consolidation
1fd4aaf1-5e77-4b4a-ae98-71cdd63f3efe,44485498,Debt Consolidation
65c7cdce-c40a-4a16-af7f-b371c20f311b,44408791,Debt Consolidation
f4d7fe3f-10ab-4143-9ea5-5c34ba7dcea9,46014084,Debt Consolidation
0e822182-a82a-4d6f-adec-61382498afd8,44408714,Debt Consolidation
d14f1f49-56f1-4a18-a8a5-d6af5864bdfb,46014085,Debt Consolidation
cb87696c-3807-4a44-9ed1-d9997ff1af21,44408482,Debt Consolidation
9d88b371-7cb8-46d0-9a4a-f2efe6527a6b,46014033,Debt Consolidation
94aefcb9-b6ff-4018-a8cc-2387af3891ca,44408328,Debt Consolidation
9c2a87cc-5255-421a-87ab-eac29c26e738,46010646,Debt Consolidation
231cf74f-ea04-4e6f-9466-ff3157f91e06,45881792,other
41f1777d-abfe-429c-88aa-59297ffb795d,45881712,Debt Consolidation
b0ed2ad9-e969-451d-91ad-29fe464c5eb1,45846786,Debt Consolidation
e37ca0a1-94d8-46ed-919d-b9192524ff12,45554219,Debt Consolidation
452f6f26-1a3f-468d-ad9a-4de6f554ca52,45362806,Debt Consolidation
fde1276a-6e8b-4a4c-b0d0-4cd5bc82f680,45039842,Debt Consolidation
f28c5885-56a2-4262-96d9-6e8ca7f5a8c9,44960882,Debt Consolidation
d37a6a58-a2a6-4c91-8b69-6cbbd6dc8af1,44908539,Debt Consolidation
f414898e-9dc3-47d3-95f6-f320bb93ee31,44908509,Debt Consolidation
784e3631-c509-4f18-86b2-40b856a2ca3a,44442743,Home Improvements
056f9d67-2074-434f-b7a9-0485678a908c,44377093,Debt Consolidation
9088ca89-976a-4962-9523-224af249ee4d,44215125,Debt Consolidation
107d0e6f-4020-4b1a-9876-4fc348c8b0f8,43900233,Debt Consolidation
92d03582-3dd8-4369-a8f3-ab5db3b832ec,41706705,Debt Consolidation
92c07398-8c5b-4266-9a05-c3e813ecb390,39200207,Debt Consolidation
59e7ce4e-5265-48d3-889c-4a614e2b5c91,38936831,Debt Consolidation
68b35695-e501-4fd5-abb5-91ce0be70c53,38343723,Debt Consolidation
2945b719-a387-494e-9c49-b4e2b500e135,38343725,Debt Consolidation
8c4a99d7-1acb-4a7c-86d6-ab3644386778,44519341,Debt Consolidation
f4493717-ba99-466b-9919-680b5d800896,44407864,Debt Consolidation
7489c28f-c9e8-4030-ac6e-577ea98cae5f,44407941,Debt Consolidation
f04e9359-0719-4ac1-bcec-5e37343ff287,44407787,Debt Consolidation
1f0a3b6d-93c5-4ee5-8a79-aaa5238ba776,44407709,Debt Consolidation
6d8902f7-f7ba-497d-af55-84e77fa66ae1,45963904,Medical Bills
af8faa3f-bbd1-4e20-9d83-8051a5ebcc2f,43735554,Debt Consolidation
a0887361-e2c9-462c-bb49-f2b2bffe0769,45642587,Debt Consolidation
701f7bfb-1ea9-4bda-8721-acf3dd354604,22511825,Debt Consolidation
87dc09e3-4f70-4566-9270-e5abeef49dbe,21938817,Debt Consolidation
d2809691-eaab-401c-9677-5e918cc22ebb,44407323,Debt Consolidation
a4d97041-2225-4388-8386-92feb3bd2112,44407555,Debt Consolidation
9f95f2f4-3cb9-4b55-a474-094b23ab04ea,45961145,Debt Consolidation
004f8f3a-43bb-44ce-915b-8cfce55021be,45946630,Other
9c445f2a-ea91-4a1f-9a4e-5c2cce1eb9c7,45946566,Other
a45e8f55-e306-45aa-9919-a38b8d67e331,45946386,Debt Consolidation
604290e7-6bce-4d5f-bf38-56c63f5cfaf0,45946366,Debt Consolidation
3f33b47c-8b0e-42e9-ba51-4a7b64af8d6b,45946330,other
dcc68ec8-c6c9-4f2d-bd4f-8f64b686561a,45946324,Debt Consolidation
ce9a3804-73e8-4fb7-8fae-fed561304069,45946292,major_purchase
d191a3be-4cc7-41b1-b79c-2b3291deeddc,45923186,Debt Consolidation
5067b3fe-0fa7-4dbf-87d0-4012ae202b34,45258299,Debt Consolidation
123d9a96-018a-4e00-a7bf-8ab6aa26e4f7,45258295,Debt Consolidation
83fd86df-ea16-4594-b26c-17888f0f3ad1,45258291,Debt Consolidation
3982200e-53c7-436a-b3d6-8fa446375d8d,45258288,Debt Consolidation
2090bc03-bbb8-4878-a43a-ccccbe1211f2,43940810,Debt Consolidation
097c8cea-c4f3-436a-a3c0-9f4c8760f024,35706095,Debt Consolidation
c0652f30-6be4-4936-bae7-4af4cb649b81,35438435,Debt Consolidation
2cf5863a-d1ab-4f02-99ab-8236f10e4ee4,46036925,Debt Consolidation
a1ba32f0-7419-47e7-95ad-e98b922950ca,45981602,Debt Consolidation
3bcea931-21e7-444b-bf7d-39878acb22fa,45866516,Home Improvements
05ec3f41-bee2-4837-ac8b-48dbc83c1927,45894691,Debt Consolidation
a7cd621c-4825-4495-9525-e6d4baf715e2,44406937,Debt Consolidation
4ff8915a-dbd9-45fe-a79a-826a645674f4,44392693,Debt Consolidation
07190dca-2853-4364-886a-2d1550aa48ab,39264543,Debt Consolidation
6871e41d-108a-494c-aeec-62c0ea26343c,45011582,Debt Consolidation
a87c094f-8052-4ce8-afce-44ea58478d9b,44752726,Other
db4c34bd-d6c2-4f93-899e-4eb0eec86406,44406241,Debt Consolidation
c36bba4a-d84b-4139-a1d9-1f4a8be8847b,44405623,Debt Consolidation
a62b70ff-3895-42a2-ac35-638fead332b7,45983777,Debt Consolidation
4da249fc-4a21-4f25-b8c9-03ebb608047b,45863122,Debt Consolidation
3f901bc1-d908-4975-8958-564cc56cac30,45563892,Home Improvements
37faac13-dbbc-49a4-9879-dcd757bf0a94,44482621,other
758b37fe-8019-405d-b4bf-c0991dc05046,43970972,Debt Consolidation
9ed28b3a-c3a9-4ae4-93e6-3de7ff42f64e,42974623,Educational Expenses
0bd5beab-6711-45d2-9e85-2bede72ae2f7,44405082,Debt Consolidation
9740eef3-7d0d-46d4-a1b4-5295729ff2f6,44404850,Debt Consolidation
b3ce334b-dae8-442a-8734-f7db5bc1636a,42087443,Debt Consolidation
87dc6858-da3d-44dc-bd06-b911c3d72316,45971387,Debt Consolidation
1879086d-4e6b-43c8-8a61-b67d33be6844,44662491,Home Improvements
07adf5be-cf0b-400d-a16d-f2e0e40847a0,42679887,Debt Consolidation
a4c295ad-0876-4eb6-a928-d3ffdc3777b3,45960926,Debt Consolidation
a814ced5-282b-4669-8a2d-a241b069f587,45960901,other
0767b6e0-5dea-4340-91ca-75dc8e128ea5,45960816,Debt Consolidation
a53cb95c-5558-468f-b9e0-470c91865830,44404387,Debt Consolidation
9b537f39-566b-49fc-8353-17345688f35f,46006040,other
e028414d-8627-438d-b6a4-11c7360d551e,45979521,Home Improvements
8d3e9199-1ad0-4ae1-aa85-8d453cc56288,45872052,Debt Consolidation
f59e2669-4b6c-489b-961b-08be96eedfae,45844372,Debt Consolidation
590055aa-0c29-4e6c-82bd-adc7245e5578,45844318,Debt Consolidation
19720b47-8379-4bfb-ab74-1e7416762828,45831501,Debt Consolidation
f4204952-6340-44d4-b0d1-94e2d402fd10,45805155,Debt Consolidation
bd22d822-f967-4b25-8f1a-cbd03519cb38,45739600,Home Improvements
c7f6d4de-47fb-42f0-a52b-df771c08dcfe,45686465,Debt Consolidation
be4a8d25-4edf-4c19-8e78-05c01e56270a,45657252,other
11c3b558-ebd3-4eb5-8773-317154f85b00,45153653,Debt Consolidation
2d1b843b-2b90-4a99-94b5-29acf09af541,44556789,Debt Consolidation
83c7848d-e46c-442f-b290-8a2606319ea8,46039420,Debt Consolidation
ae9c53d4-d3d0-44e6-a61c-442af2418a56,45980935,Debt Consolidation
0491054f-cbcd-48a0-9760-b3ab46efde42,46011582,Debt Consolidation
630d4ab4-7f4a-4680-951a-e922f31e4b56,46010574,Debt Consolidation
81a716ef-7411-4bd8-b2b7-0f0b5ceef86f,45968186,Take a Trip
ed0c0466-78b9-4eeb-a146-e3753ea17e74,43284268,Debt Consolidation
0cd1b589-6347-4138-90dc-8e24f0976730,45889372,Debt Consolidation
c913eb13-fd04-483d-8b0c-a4b008d2466b,46033430,Debt Consolidation
c4c4a004-2b34-42ca-994c-43fee8299b89,46022028,Debt Consolidation
2ab15aa2-b29b-4ef4-849c-afa222b33e9c,45966071,Buy House
95125dc7-f2e7-4c80-bd73-c91b04bf7f98,45965776,other
10e9c84c-4185-4e1a-94be-fa6f73543fc4,44836006,Debt Consolidation
816398c0-362a-4505-826a-2a76a346808d,43175830,Debt Consolidation
4abd2328-d579-40d1-8fb6-ed3a25aae897,43082511,Buy House
6127954b-3b65-4ab7-8c01-e527adfdc1f8,40030410,Debt Consolidation
7f7bf907-cea3-4aae-b4e2-7c858e02dfc4,45768812,Other
56d2956d-927a-4a50-a41b-386c1d27cc03,44877201,Debt Consolidation
85e643d9-3027-409c-9dc7-2f0a88462f67,45664840,Debt Consolidation
1b439770-8bca-4e0d-a877-5e7574a171b3,45971272,Debt Consolidation
6618863d-5387-4456-980b-476583f6be3d,45971249,Debt Consolidation
2c1fb4eb-c2d1-487b-9579-7c2c280af4bc,45928986,Debt Consolidation
283578ce-1850-4e17-b8ff-c93bc0a88717,45927764,Home Improvements
8cec13a5-e5ba-472b-b918-3891befd3572,45892828,Debt Consolidation
4a6417ac-068f-430b-94b0-095740c14ac2,45892707,Debt Consolidation
8292d3dc-0bd6-4e2c-84e2-20e2ff575744,45881394,Debt Consolidation
a23a1b04-ff47-43dd-9337-72bf9fe826af,45881350,Debt Consolidation
44a9ddae-fb28-4ff3-ab89-9fa37ec1019f,45881324,Debt Consolidation
12c1838b-f36a-4921-b883-b0c131e9f847,45827827,Debt Consolidation
85532592-5062-4b17-986b-b0f6aaffff6b,45827718,Debt Consolidation
6a4262b7-6e47-4022-89c3-cbfd40c0946d,45506975,Buy House
12d1ac04-b016-489d-8e18-83f1bece09a0,45501200,Debt Consolidation
d0896e0f-29de-44d6-9f21-f338197f55f8,45249300,Debt Consolidation
0158e865-fdf1-4dc6-bf29-fb9406e41b0d,45244237,Debt Consolidation
2eecb638-fce9-47bb-ad82-09908cc4ac65,45182945,Debt Consolidation
8e8c16e5-c18e-40d8-9534-12a3539b0f86,44968255,Debt Consolidation
cffe7c9b-dba2-4685-aff2-5e8fb06023cd,44837270,Debt Consolidation
5db7e4cb-7b23-44bd-83ce-bc0646e1d094,44790314,Buy House
7a91a837-63a6-4e09-a13e-4931a95d5de9,44742449,Medical Bills
1e493364-7ae3-4e05-89cb-ef4c95dd0389,44545963,Debt Consolidation
2693fff5-e957-4abc-b181-4f3cdf9a036f,44239167,Debt Consolidation
43510549-6d36-40dc-aa0b-f1db9f8b0976,44986591,Debt Consolidation
5b6088fc-53d8-4ca3-8e35-f83a0fae9acc,39878339,Debt Consolidation
ab3af8cb-e279-4266-a112-0aa2c68d4752,45507943,Debt Consolidation
3f03cc27-8600-40f3-acb5-3eebb5a56548,46028689,Debt Consolidation
b6b428b3-dfd5-4b1e-82e8-521a3131b47b,46028685,Debt Consolidation
1ec94498-152e-441c-a475-4214d6da4b3b,45576234,other
de9b30e0-6a36-43e9-bbfc-143ae8a405e5,45414550,Debt Consolidation
74b62d17-aa22-41d7-993a-5679f2365065,45347510,Other
5e5688e2-06e9-43a2-bba5-34729622e5e5,43190836,Home Improvements
743f1d24-1bd1-42d4-b605-6deccb412c71,45954992,Debt Consolidation
f6f00d01-9570-422d-b07c-eec36e279d71,45954990,Debt Consolidation
76ebc2ee-1de7-4d4a-9d91-d8033db13e1a,45954991,Debt Consolidation
d6e051ea-9ecb-476d-8fde-35aa9fccf25f,45954989,Debt Consolidation
ab436862-d82b-40f4-8af5-c1c5fe786782,45954993,Debt Consolidation
439ed7dd-703b-4575-9ca9-442123c06aa2,45954994,Buy House
8bcf3297-9a72-415b-aec1-70ce765bda41,45954988,Debt Consolidation
7e4c4eaf-dd32-4a19-9c0a-fc2394eca7aa,45904452,Debt Consolidation
207aa08f-c2c4-44c7-b6ea-cae2b7306668,45816508,Debt Consolidation
d8fcc990-f5a9-4ad3-a272-990ac80d09a4,45816512,Business Loan
b99e8ed6-ec92-4ead-a0e6-00a32224ea96,45816517,Home Improvements
03cdf35a-9022-483b-9966-0617a2e7c43f,45816520,Debt Consolidation
b8af8840-8b77-46b9-a13e-fbb28a9e9570,45816524,Debt Consolidation
bd3cf1d3-a611-43fc-be5b-e2bb4c5e8c60,45816525,Debt Consolidation
6874d6a7-3292-4b1b-8199-de34cfc65a3e,45816532,Debt Consolidation
52690f9b-7a14-4fbf-b880-c5c9fded67ce,45816534,Buy a Car
52a76d6a-1d30-4583-9fe2-870b195298a5,45816510,Debt Consolidation
872d7dab-d61b-4283-ab6d-44471d9537ee,45816519,Debt Consolidation
8e0c61ab-709d-4a12-a6dd-8eeee748c9f3,45526178,Debt Consolidation
d327f118-1a1b-49cc-864e-647eb1f358e1,37848260,Medical Bills
8acc7318-c904-4871-b851-8dc12f31ad17,37253070,other
beda21d3-adb2-45c4-80c1-6b0bc581f983,46008974,Debt Consolidation
d8a3cd62-835f-4ba6-9e89-1a116255ce91,46008924,Debt Consolidation
3b2b16ab-de08-4012-ac67-597b80deae55,45872981,Debt Consolidation
773b07be-8c0f-4019-98a7-56e5e9091683,45872553,Debt Consolidation
96da664f-1541-4e15-8854-c8918572adcc,45803471,Debt Consolidation
c74e35b8-4526-4a2f-91ef-7fc87e15e0d4,45793770,Debt Consolidation
d0fcbc4c-3445-4e1f-b57b-f6d737db55c1,45793753,Debt Consolidation
7f9e3fd8-3315-4ab3-a884-1dabc0176a8a,45769518,Debt Consolidation
6176222b-c27c-444c-94db-4daae61a8f30,45769499,Debt Consolidation
0c0c602d-a015-41b0-a652-3d32d4a84d83,45769481,Debt Consolidation
c22b1c6f-3540-481a-ace2-3a52ff4d7ce9,45769472,Debt Consolidation
00c3ec76-d230-4896-81ad-19553c9c0eb0,45769448,Home Improvements
a18d7a04-36f3-4930-b0bc-8f319d5ad026,45769441,Debt Consolidation
a8b492d9-4ac0-408f-906b-b5bb5ccd4aa6,45769426,Home Improvements
40e78358-b830-410c-9fd5-417217e12ab2,45769394,other
ad3f24a3-e64e-407f-b545-fd29794335c6,45769241,other
21c24582-358d-4de9-88e1-4ce8db52f64f,45763071,Debt Consolidation
d0f29246-5a60-46da-8e72-27a49dcbda46,45763061,Debt Consolidation
fc2b60ce-5981-4b0c-8c18-8401cd8980b4,45762860,Debt Consolidation
b1d16842-93a2-4f1c-8818-02b9018e4160,45759483,Debt Consolidation
7999ad51-c218-4094-9580-4d6932ebdd04,45759445,Debt Consolidation
36386cf8-ac65-4c0b-909f-2baecc600116,45758823,Debt Consolidation
3fac007b-9fb9-4ea2-929b-6139c42affd0,45758818,Debt Consolidation
c506a5c5-c48e-4104-a51d-e8ef71317e8c,45758811,Debt Consolidation
d69a4422-3668-449e-b1b2-982ab151854c,45758759,Debt Consolidation
e5989e36-193d-4b35-aacb-a9330bf60061,45167134,Debt Consolidation
b243f566-7eda-49aa-b2d2-f05573e2cfda,44763653,other
c81ff056-cadf-4d77-8ec2-f76f0a842dac,38528319,Debt Consolidation
e5d77689-9868-46f0-a7f1-92e9ec790c7d,44531588,Debt Consolidation
f17636b2-3820-4ab7-8d88-bd6ec89cbcd2,44403769,Debt Consolidation
8343b0ec-434c-4e1f-8316-e70981071323,45386682,Debt Consolidation
2bd4c030-8ddd-4c2b-a91c-c551392605fa,45386680,Debt Consolidation
474dd8c6-0618-40f7-9a63-c53a0cec5207,44766128,other
a5db0872-18b1-44cb-b28a-8e3558fd7f23,44404001,Home Improvements
b9083fd7-54fc-472e-a717-6c802390af13,44953336,Debt Consolidation
b7590f67-9e59-4b5f-9423-c0a8e38a7bd7,41179812,other
321e026f-2367-47cc-8f59-edd7f6122ee6,40036107,Debt Consolidation
5d14f06c-3541-42c5-832e-3ecdda3bf88f,45508792,Debt Consolidation
2869ee87-d30b-4a1f-8340-2449a1b862a9,44581452,Business Loan
8f171e27-1a1b-4e59-bea0-841902f3797d,44410375,Debt Consolidation
4ad209e7-bda2-451d-8af9-a435213183bb,45694677,other
730cbfe6-1509-4e8b-9f2f-abf4cbe9ec97,44910967,Debt Consolidation
8772742a-b0e9-4946-87de-a5c728298bd1,45233678,Debt Consolidation
4b146ab4-6196-47fa-be88-c62204c91737,45893442,Debt Consolidation
2cf535fe-2de4-491b-9c8d-10eab3752aaa,39991146,Debt Consolidation
385479a7-4b06-4e86-992a-5026d8c27b9a,44886113,Debt Consolidation
58db0228-70e1-4bb1-9275-2a4e11bed124,45860677,Debt Consolidation
dc4b78d3-8b20-4eb9-901e-ed94a72d3797,44403382,Debt Consolidation
041cfcfb-7f02-48ac-b478-64cac787c9e7,45974171,Debt Consolidation
17716a48-ab80-4783-bc96-b2cbbc8bae67,46037119,Debt Consolidation
d7c470a3-1616-4f91-9be3-34d7351c840d,45991566,Debt Consolidation
1eb28284-ed3e-41cf-ac34-612543790016,45987532,Debt Consolidation
026ea24b-f92d-44bd-a0d9-d0d3129eda6c,45237602,wedding
7d9cdeff-25c7-40c8-9c95-1b6c5db61163,38705887,Debt Consolidation
9426b887-e2f6-40f1-b71e-18ece364bf6c,44148363,Debt Consolidation
43005b38-3359-4c5d-b9bb-139cd589dc44,43624867,Debt Consolidation
d05bcb85-b6c1-4421-aea4-8243c82a88a9,43529318,Debt Consolidation
c4f93226-a69a-44c0-b22e-d9f68ca3ba65,42308856,Debt Consolidation
1a7d3944-f0bf-4d72-830c-9b9af365d44f,41357644,Debt Consolidation
4dde0588-761c-43e5-b364-eaf4fe3c7eb7,36887156,Debt Consolidation
d7c3c8e5-0d18-4430-89e6-9cc70f307b68,36310469,Debt Consolidation
9d8d229d-2483-4543-a362-7aea3e4460f7,35011554,Debt Consolidation
7437b62e-d7bc-41ed-96d1-12c40e2e411b,43084058,Debt Consolidation
0ab35c50-9fdc-4e8f-b228-e9417f011dda,40869165,Debt Consolidation
9dc0f41a-c7b1-4174-8b51-975676fca5a9,32130377,Debt Consolidation
ce42d446-297a-4cd9-9a38-d31bfaa3dc72,44402764,Debt Consolidation
8ba0ebcf-45da-4703-8457-fb06636b8d31,45851842,Debt Consolidation
a0990250-b22d-45e3-9a47-9de1a60d4548,44715789,Debt Consolidation
79b7c2b0-06db-4ba9-a45a-88477307d19d,38419326,Debt Consolidation
836f5e13-7a47-40f6-b8ae-e760cf44cbce,45906416,Debt Consolidation
7ac39596-b6f8-460c-a189-7693771ee2f3,44260705,Debt Consolidation
1efd8eb1-8a08-4ce6-a749-90124153d419,45976829,other
1b583ceb-c5fd-48cd-92b1-5fab72ef644c,45903262,major_purchase
175cf51e-53f6-432e-9201-6fbd2786d1c0,45903242,Debt Consolidation
ecf2530a-ea52-4aa9-8d44-8d63350d923f,45836319,Business Loan
708a87a7-2186-4587-8e8a-1205b41d6194,45757394,Debt Consolidation
f224759f-f73a-4969-8eb6-cae3c8354d71,45721533,Debt Consolidation
ecc9ed2a-a146-4fb2-83bf-1679a4e576d9,45721490,Debt Consolidation
9eb54304-fbc1-44d5-a882-0c90ae6a1f93,45599055,Other
7c6b7f91-685e-4325-9f33-38364c17ded6,45597676,Debt Consolidation
c1761014-036a-48bb-8b9f-88e093769594,45340712,other
a763367b-f646-4fec-a955-bddaaebd3fca,45672302,Debt Consolidation
ef809a0f-468a-40a9-9d36-fdcae280da90,44402069,Debt Consolidation
4b15b24c-addf-44a8-97a4-59dbf8aa6b54,38281402,Debt Consolidation
4288c901-b2f2-483e-ba2a-f062866e75d7,46007929,Debt Consolidation
0395b6d8-6e04-488f-b6e3-046ec76b9d98,46007790,Debt Consolidation
e2cb55ca-26cf-484a-8b85-4aed25578c89,44401064,Debt Consolidation
71aee61f-a3db-4917-909e-99b10c31ebc4,43752911,Debt Consolidation
694087c1-284e-4f4b-8528-98d46eebbbbc,45919924,Debt Consolidation
64bec26e-57e2-4bd0-b5d0-2aeafda92781,45903674,other
b55a1dc8-b930-4bd4-8404-5483626a51a5,45524238,Debt Consolidation
ada718f2-6134-4a2c-a2aa-3516faee9105,45408933,Debt Consolidation
abf1d179-a837-4d12-9b66-3a8cc8cc43ca,45188051,Other
0d92c053-1776-4624-aac8-ee8a25457159,45017651,Debt Consolidation
acfbe42f-207e-4e2b-ba2e-f7346b497593,44659739,Debt Consolidation
be2961bc-9d45-43e8-94c5-83c736552a31,44289536,Debt Consolidation
52ec04da-badd-4f00-876d-a9b252653de0,42628397,Home Improvements
d9803856-59c5-4bfd-a55a-762676d16408,42117845,Debt Consolidation
7db51147-aa51-43eb-8bf9-1d2313e2061e,41298157,other
0f9729f4-69b6-4da9-ad92-e0b89a704846,40492179,major_purchase
ee90cc2e-2a42-4688-bfd3-b3260e49c015,44928173,Debt Consolidation
e913eebe-cd0b-4ce1-bad5-88ef45092f7f,43222402,Home Improvements
e3366e19-f579-4eb7-8ec0-8058721c493e,43222347,Debt Consolidation
820b8e57-9739-43c0-968b-46eeecbd6d17,43222335,Debt Consolidation
a9ffe7e7-10e1-487b-8954-e19f39baa465,43222089,Debt Consolidation
5b56b28f-9508-49ef-8bb9-56b9ee141b08,43221791,Debt Consolidation
0537e21b-a1d8-4dd8-9921-b216477c0dff,43079698,Debt Consolidation
4cfb0059-bc82-427c-b85e-4bd8315565df,39494655,Debt Consolidation
1e67dc3e-d045-490b-9305-d270aeaaad13,36206981,Debt Consolidation
76c658d7-9191-4b5c-ab3a-e6bb640b1968,45947826,Debt Consolidation
1f49a4bc-0468-4359-84d6-f51040a050b7,44399055,Debt Consolidation
fe4200f2-860e-4f1b-beed-3fcdb1c6a7b3,45911672,Debt Consolidation
4f331ffb-e20b-46c3-9bea-2ecda734a933,45170409,Debt Consolidation
07b307ea-72fb-465c-944a-1374e0221175,45258976,Debt Consolidation
9802c8e9-d50e-40cf-8b6a-2e02c09d1017,46039318,Debt Consolidation
1fcf78f3-dbfa-4c06-ad7b-f0ecf02d148e,46023498,Debt Consolidation
3d5d5979-834d-4930-b3a5-45f8a69a8748,46007640,Debt Consolidation
6fe2740a-e5b5-4ed3-9007-5dce00feee7b,45985135,Debt Consolidation
fbdbf2d6-7fb0-44c0-a0a7-0315e5e7991c,45985124,Debt Consolidation
7b7bc08d-dc71-431e-acf1-cf2372504fb5,45985140,Debt Consolidation
ea99d5aa-7748-4cbc-aaea-26385ff39bce,45989435,Debt Consolidation
1d41a5ae-c74e-419f-b444-582aec5a4905,45982948,Debt Consolidation
af83ab8a-bf21-4631-b68a-e33f19d2dfde,45982772,Debt Consolidation
5e77b301-2069-4077-8eeb-cea3ba96da73,44398901,Debt Consolidation
a31c33dc-ecf2-4096-ae5a-e0c0db106a1e,45747326,Debt Consolidation
8d760f72-a042-43e7-ab30-3789413e9b60,45676584,other
5d256409-7cc9-417d-9318-bed31624e470,44702768,Debt Consolidation
d90de0be-9b9b-494f-a662-2dab220cb622,44411666,Debt Consolidation
465ec802-10f8-4ee6-944a-f515bb24975f,42883725,Debt Consolidation
7ff74f76-7749-4a1d-a227-055bbd25c588,27545174,Debt Consolidation
2f78a374-3ce1-45c5-b306-a6777dd433d4,44127795,Debt Consolidation
4f2574bb-d3db-423d-b28c-f3ba6ed773cc,45563816,Debt Consolidation
d930af95-0840-47d2-8bdc-587e36ef972b,33842633,Debt Consolidation
15f3e969-b954-478c-918f-de1aafc021e2,44752846,Debt Consolidation
602746a8-febf-4eea-ab39-9a21ee44c65c,44752788,Debt Consolidation
645f031c-00d6-4e92-9734-59b93faa40cf,44752633,Debt Consolidation
9ad546fc-d8e8-45a0-b2f1-edb7b0b01e1d,45990171,Debt Consolidation
6b9cb984-2f6f-4874-a1ce-ed599e6aa1be,45990156,Debt Consolidation
6ac6289c-9784-4258-9a9f-3eab954b1b8f,45879707,Debt Consolidation
df0ed707-d8f4-449c-9325-7859c6502635,45843205,Debt Consolidation
25d964b7-ca7c-4e81-972b-536032e67a4f,45843170,Debt Consolidation
89afd4e6-3290-475e-b958-2c3859dec214,45781394,Debt Consolidation
12f76ec7-ef4b-4eb5-93ee-d30b14983994,45424944,Debt Consolidation
3d4bdff7-65fa-448c-8481-d224443ac086,45424916,Debt Consolidation
11dbf1c8-3ea1-4e6c-bf3d-a9dc586fc43c,45424825,Debt Consolidation
a3e0ade7-382b-4220-bf6e-452218b71423,44872945,Debt Consolidation
0e7d75be-e1b2-499e-a5da-ac6bb437a22c,44383039,Other
8f78fa69-95ac-462a-913b-3d212ec40404,43839443,major_purchase
9ff51afa-ae0d-42ad-9c2e-62d9a86893a0,42689948,Business Loan
35f895a2-8a8f-4596-a66f-a73c3d194bcf,45879368,Debt Consolidation
4cd3d3d7-a051-4021-9591-5e3a07df3678,44398669,Home Improvements
1993d2a6-13b8-4e7c-96c9-71a70ce02f19,45975988,Debt Consolidation
c66d50ba-8730-4ee6-9efa-cc9e57a84dfb,45932718,small_business
d53f5e29-66d0-4403-8959-c51a4054862c,45570061,Debt Consolidation
03e1f7ca-c36c-4258-ac5e-89ab7cc49068,45341145,Debt Consolidation
2bbf76b6-a613-488d-a8ac-1e30d2322741,45095299,Debt Consolidation
5c7ba421-9f43-4f80-acad-127a902bb7ea,44392720,Debt Consolidation
7191c7e1-df32-4e46-b883-58d225d417ec,46005472,Debt Consolidation
3bc36421-9608-4800-a1c8-66db0447b779,44392642,Debt Consolidation
f8d9349e-d4c5-472c-ba5d-2f3c0f2d528a,45955884,Debt Consolidation
ea3cfd6c-6c31-4d61-ade6-56598febd8ce,44392565,Debt Consolidation
c477c11c-9105-4fa2-8801-7f8b325e4b10,45949276,Debt Consolidation
0d90ba08-d2ae-4554-9ee4-11a37bee6a5c,45942361,Debt Consolidation
465d1b1a-fefb-4944-a166-b73fa7cf317a,44392488,Debt Consolidation
1efe2c46-ae08-4a84-8193-0e10b05295a7,45717348,Debt Consolidation
5350a12e-16d9-40e4-89ae-5499eab81268,44392411,Debt Consolidation
addd0642-2d66-4407-be2f-91aa22b0b51b,45566292,Debt Consolidation
8bade166-c1e0-49ef-927c-09b55aee9872,45522300,major_purchase
5017227e-e36d-43a3-9dc1-c8858315003c,45516259,Debt Consolidation
ed28e845-ff1b-4c9a-b741-7da34a0869f3,44392951,Debt Consolidation
c43540c9-6fb8-4899-ad6a-7f0392dd86e6,45496861,Other
ea66967a-b11b-47e9-a0b5-29a460451b79,44392874,Buy House
71183b09-50b1-4063-bd7b-01602cffc6ae,45414460,Debt Consolidation
1b28442a-1a70-48a8-9624-02163688a499,44392797,Debt Consolidation
2aa04d84-bd8d-4475-aeb5-55ae68409417,45414435,Debt Consolidation
ccc8ff36-cf6b-425a-8ac7-ca7ae007cee4,45414342,Debt Consolidation
e4a12944-f838-46bc-b032-8aaead89fda0,44393106,Debt Consolidation
e095e610-67da-4ee7-8087-37c00ad9ff34,45406925,Debt Consolidation
0ac0e16a-f6b7-4730-9e46-40afb49ed0ff,45355462,Debt Consolidation
3188fed8-5dbd-49c8-82cf-ceefca76718f,44393029,Debt Consolidation
293d0544-90b2-4ed7-b88f-86daa6e68cdf,45297448,Debt Consolidation
4fbfb179-0288-426a-8a8f-e87c7797272a,45010644,Debt Consolidation
500ad956-8365-4610-be3f-6ddd0996cda6,44393260,Debt Consolidation
5ae16ec1-1357-4436-9780-dbc888df27b2,44971558,Debt Consolidation
c9795eeb-2640-4931-8552-ea43dc0c852e,44837398,Debt Consolidation
94427a9a-8de5-4b1a-8210-498e011b3c79,44393183,Debt Consolidation
12312e65-bb95-427a-b03b-659cdd44f8d5,44562431,Business Loan
4c615253-a5fe-4481-ad54-a4cdf5169613,44108914,other
09d443bc-feea-4545-a217-94855d3b4ab8,44393801,Debt Consolidation
79fb74a1-b990-44c4-9813-8463eb76ab9c,44393647,Debt Consolidation
21744f45-0ea5-4136-8a25-0ed377ef8350,43564735,Debt Consolidation
df16c58d-4392-4519-aa61-56f724c75277,44393724,Debt Consolidation
dd200e91-6379-4770-acfa-8819db968292,43123849,Business Loan
abae4fd3-1475-4576-915c-7976bd02946d,44393492,Home Improvements
90ae3a16-dd15-4378-ac8d-bd49daf47e51,42941160,Debt Consolidation
b369043e-eceb-4023-8779-de97f6a4c01b,44393570,Debt Consolidation
c18ad129-1acb-4cad-a5d9-dd3834c1fc58,41345597,Other
d5369d42-23c2-47b0-8d29-a5b05f126e6a,44393415,Debt Consolidation
79b35f0a-e241-4000-a8a0-bc8ef80b0456,39079791,Debt Consolidation
34e407ae-23ef-43c6-b397-c06057946df3,44393338,Debt Consolidation
16bf8680-e9f4-4c46-8f98-ed01d1ddc8e6,36682399,Other
8459ac2f-3508-4037-9701-d9f05177380a,33008465,Home Improvements
f497800c-23ff-4e4d-8447-00dc9a2bac6a,20080044,Debt Consolidation
4a71b7f9-b38a-4d23-9de7-afc3777d724a,45841588,Debt Consolidation
aecfcc61-fe34-4d1e-b9ef-604bab1cc8f3,44715578,Debt Consolidation
55a0732a-b3ab-44e7-8b17-29f4fbc7d596,44978073,Debt Consolidation
f1f719ed-764b-4827-8615-fc5c15240974,43741703,Other
c33d251b-ac3f-416d-b766-a935e5d18b44,45976725,Debt Consolidation
0b36789b-9d5c-4d7a-a15b-67225de55e73,45939086,Business Loan
c4d8c01e-10b8-403b-b904-fb5101e1c744,45939088,Buy House
c4d91efe-482f-45c2-b739-f6384bcde39b,45622963,Debt Consolidation
0cd00ab6-179b-47f7-b802-ddc7176b0a66,43283987,Other
1298c91e-4910-4d9e-861d-bb48d6647ad3,45663179,Home Improvements
616e4fb5-931b-4658-b408-7b2bd56f5933,45906085,Debt Consolidation
88b064a2-e676-414f-b61d-1badea5710cd,44731266,Debt Consolidation
81c432bd-56f6-490b-802e-a66dd89fcc75,45482487,Debt Consolidation
848b2294-600f-4194-865a-69940500ffdd,44034979,Debt Consolidation
9c930248-180f-4a58-a0eb-646e2d9d2ec5,45955312,Debt Consolidation
a57dba36-d95d-4e96-a2b1-4182a58e1272,45952883,Home Improvements
96dedebe-2b07-4ab0-bf92-47b099e30233,45929246,Debt Consolidation
a3a0cc9b-dbea-4c46-8bb5-e8b6ea066f2e,42705105,Debt Consolidation
718d6d75-aef9-429e-ba4e-2a50f73fb402,42579585,Debt Consolidation
ce5b51db-3c16-4a17-ae24-faf80e3f424a,45967118,Debt Consolidation
cc586716-44b8-431b-8b02-eb6930370dee,45843268,Debt Consolidation
595c7d52-bd5d-48e1-a8c7-114dad93bfd1,45551282,Debt Consolidation
59261e93-ddc9-48e1-8b76-ee9554a4417e,45450994,Debt Consolidation
1ca25219-bd0d-4ebe-845d-8f10da37e50b,45023538,Home Improvements
a60ac07d-904f-4517-aaf3-acf80b528da1,44962074,Debt Consolidation
6fd446e9-d8c3-4e3d-8538-c4424827b308,44962050,Debt Consolidation
7b7a2525-e8e6-4f3b-87d6-c9b69c8dcbce,44940361,Debt Consolidation
5b5272e4-a887-47e5-95b1-d117bc22fed2,44940008,major_purchase
a2338edc-ff9b-4c33-a159-d5367f46583e,44939772,Debt Consolidation
0e21f90a-3b52-4118-b9a1-bac7925a8805,44742654,Debt Consolidation
f52949bf-4796-42a7-ac2a-a9174881b6a4,44581725,Debt Consolidation
a11fb5a0-c604-4154-b958-ff7cf9316257,44581645,Medical Bills
eb5de629-9788-4459-afeb-a3786b37d6e6,44580266,other
8d266505-5785-4b06-af11-740898d30461,44537454,Debt Consolidation
7427b19a-9a72-4d6d-9f7a-3dac0edc2425,44165726,other
fd55fcc0-b1f5-456c-8668-ae0e5678270f,44165549,Debt Consolidation
8eb69fce-3414-4e4e-a795-f4ff7f1acdbb,43938033,Home Improvements
b17798f5-9f7f-42cf-b95a-dce4277ba34e,43937127,Debt Consolidation
75a9e617-9822-41fa-a665-843d344e4147,43930524,Debt Consolidation
dc6448c0-0c74-4488-b6a9-ac30e453ba34,43759370,Debt Consolidation
8d05fd54-7426-46d0-9775-a0d076c3d912,43759167,Debt Consolidation
8859c340-902e-4eb7-8189-f32abb3b30ae,43347504,Debt Consolidation
1463866d-8b8f-40ab-ae72-7edbd5ee0286,42136672,Business Loan
5d9bd018-dae5-49c6-abae-41b27356b5fc,41067665,Debt Consolidation
db6901bf-4f2a-4db2-8635-fa6c0eb6adf8,41067677,Debt Consolidation
9f5f4683-8152-4ad5-845d-41517d975fcc,40615718,Debt Consolidation
ba17c507-e290-4af4-a1e8-565e4c67f13e,40504801,Debt Consolidation
839a3caa-822c-4adf-90d0-87f798e7bf90,39736810,Debt Consolidation
2d2dd06a-0baa-4e9b-86b6-63b61e9ffd73,39533135,Debt Consolidation
ded83594-e22d-4293-8ef0-4f277c0a3bb7,38466747,Debt Consolidation
110c8608-8b1d-4790-902c-4317d64778d6,38466566,Debt Consolidation
20d8dd55-7893-4a67-aeee-93c8917a28a1,38465947,Debt Consolidation
ad04152e-6afe-4957-a6cd-00be56a4247d,38465563,Debt Consolidation
da869bd3-e70b-4b06-aca3-a563d4727289,38465370,Debt Consolidation
79428d2f-c979-4468-ab01-c3729f5fc2be,38458682,Debt Consolidation
5809bf7f-2ac9-44bc-b613-1cbb41d5fa26,38453559,Debt Consolidation
ad81311b-d69e-43d2-b4e2-6420a90790d7,38451445,Debt Consolidation
779e84c7-44c0-46d1-8c49-01fb71095e56,38451251,Debt Consolidation
ab9615ae-4eed-4c1a-a6fc-68962c5bb867,45678307,Debt Consolidation
32c59a40-d433-40cd-bd38-1df6212e6e89,44629476,Debt Consolidation
4505bce4-bfc2-4dff-bfd9-fe9a67de2404,45676934,Debt Consolidation
5a5a3bc6-c666-49f0-8eea-b3c74766f172,45676932,Debt Consolidation
e8c17cef-246c-4901-9062-45c486b46628,45818774,Debt Consolidation
cda35f18-f5af-405b-aaa7-83cf930244ac,41780983,Home Improvements
9df4b302-534e-4aad-ab0e-7ae25da1b988,46032372,Debt Consolidation
3d18e156-d006-4c94-b8da-a4d09eb00a23,46032271,Debt Consolidation
f839e4c7-8df8-436a-b63f-7fae16071088,45989360,other
adc5b0ef-fdf4-443e-b799-cd882150edd1,45987910,Debt Consolidation
f10a057f-d337-4404-aed1-612e5299c30c,45987875,Debt Consolidation
fca84c5a-b236-4fab-8e89-9ff279005596,45987866,Debt Consolidation
3f38082c-625f-4f49-913c-2f109637fa93,45980056,Debt Consolidation
a13d76ad-07ee-4ccd-b936-d9724fa2b177,45980054,Debt Consolidation
2689eb80-f700-4fd3-9148-c5cca160fa12,45980050,Debt Consolidation
c3f77c8f-cade-48b2-862b-7fbd84aa210e,45980042,Debt Consolidation
8e48dff6-41f5-4c0f-9d7a-7e42b7b64c50,45980026,Debt Consolidation
1b0bb7de-8615-4a1e-b28b-37215c6021d5,45980020,Home Improvements
de0ab942-84ba-4cd8-9fcf-9b893f105cb2,45979999,Debt Consolidation
2b1f67db-d7a0-4e78-98ed-fd713fe6db22,45979924,Debt Consolidation
effaf288-d9f4-45ac-95b4-314c5e32ed74,45979734,Debt Consolidation
dd9d1169-da37-4011-966d-dad2ccf73994,45979662,Home Improvements
f826734f-0c4f-4c3b-ac1e-3eee94ff8d4b,45979646,Debt Consolidation
be34f160-8846-4740-a224-e3ec72e4ef6d,45917666,Buy a Car
6039645d-144f-4fd4-9948-8cc46f071e28,45908473,Debt Consolidation
fa4f24aa-9aaf-4e90-a2f0-5044b7195333,45908444,Debt Consolidation
dbc62851-4123-49e8-8cd0-771b54336b27,45908361,Debt Consolidation
83ea5a43-83c7-4bb9-972f-f354165d0c9e,45905642,Debt Consolidation
8d8156f2-bc30-42d4-a8f9-ccd0f0207ca0,45871864,Debt Consolidation
362c7340-cc48-45a6-976d-324210e970af,45857736,Debt Consolidation
fccc0f89-d3a1-4cf2-9b39-bb915ae97b9a,45837851,Debt Consolidation
5e1c0f61-40fa-4ed2-a26f-7a2d6b74c6c2,45837850,Debt Consolidation
6ec4ca9f-69a8-4667-a16e-3e50a947f53a,45837841,Debt Consolidation
1f908d00-2d5a-4eef-a88a-aeab60896290,45837843,Debt Consolidation
ab1034b7-300d-4dc8-ad98-da76b6691953,45837839,Debt Consolidation
b108d7f3-9e64-4519-bd0b-6d73c49b2a2a,45837831,other
8b6e9c7f-4d9f-4a78-9db1-a1f4e33f9e06,45837765,Debt Consolidation
7bc6a73c-83d8-4867-920c-1d5a3ecccaae,45836658,other
0d67c44d-f771-4900-afca-0db51705cc60,45797376,Debt Consolidation
229898c7-dd45-4cba-9075-2b445b13ea92,45690799,Debt Consolidation
3e968b59-5c85-4e77-bbed-0f2fa2e5cf8f,45690698,Debt Consolidation
0bf46651-fb36-45ff-b47c-6b6ee2b8fd75,45690695,Debt Consolidation
01573b94-ca16-49e7-80cb-ee8e86b34ff0,45632480,Debt Consolidation
973c3e63-a1ac-4e4f-8b55-b644716728d0,45632458,Debt Consolidation
2d379545-f805-4394-8e91-536d12f9c2ae,45632395,Debt Consolidation
0bd10d39-e75a-4d3c-aa56-a7d421c6cf85,45632385,Debt Consolidation
81a9cbbd-942c-4886-903b-2e407ceb6c59,45632379,Debt Consolidation
14c29dbd-dbca-4899-b9db-c94dbe823b04,45632372,Debt Consolidation
5c8aee18-9f37-4b2c-8e35-2f71f5b4b5ee,45587653,Debt Consolidation
20eb57a8-b966-4caf-b317-b89ccf2a9e61,45568937,Debt Consolidation
cd1ea1eb-f799-4fc5-aaa0-1b2377673bb4,45568886,Debt Consolidation
39096875-94e2-4174-a1ec-5c85246a020a,45490484,Debt Consolidation
50952848-2e75-48e9-bc29-6930ee8c6a8c,45384804,other
bcb92201-aab8-4752-bc06-de3143bc3f68,45384794,Debt Consolidation
066bbc5f-46b7-4d04-8955-a4ba8c832fad,45384784,Debt Consolidation
23d7ba99-b9e3-49b5-b5e8-47d7d6cac8d5,45384763,Debt Consolidation
4a6aa1c1-0a38-4b49-8f29-2ac815b8995a,45384755,Debt Consolidation
200d0873-ad7c-4dd4-a16f-c9736f3b1463,45384747,Buy a Car
10311b82-cabe-4636-8cb8-c78512b59195,45384711,other
3dd08cd8-7db9-49c0-aaa8-aec880a8833a,45384707,Debt Consolidation
9bea9b0f-e031-4235-a890-9d389babb8ee,45384684,Debt Consolidation
f76e916b-3557-4111-a1d7-d8aa80e17187,45384673,Debt Consolidation
b290291a-41cf-4a75-b3a3-33b3af5733e6,45384570,other
347f5187-ea30-4f02-a090-de286c461a6d,45384539,Debt Consolidation
e3441704-409d-44d5-a74e-8c5ecdc58468,45237697,Debt Consolidation
0a42f942-e439-4279-962c-23f55b47ddc2,45222847,Debt Consolidation
1a8a5d0a-6ef5-4cb6-8ffa-864c6e0f4645,45183026,other
73c9eb8d-b4bb-4317-b4e2-11960edb602d,45096632,Debt Consolidation
3801c66a-66a5-46a2-86f1-7f17fc4cea7c,45096462,Home Improvements
e2b0b89e-56ba-4779-91d5-98ab7e0d6388,44907503,Debt Consolidation
f1d14b1d-1835-412c-996b-d07c7f7fedd5,44295674,Medical Bills
bf3eede8-ee71-47e0-bf00-bcc6e310ec36,43956989,Home Improvements
8cbd0e08-af64-4817-842e-72c474360745,37794968,Debt Consolidation
00ebd3cc-6dab-4fe1-b63d-bcef9d46283d,37794964,Debt Consolidation
6e049cfb-fd61-4ba4-a2bc-71abcbd9695d,9317153,Debt Consolidation
2d6f8182-58b0-479d-b712-cc78fcc00781,45353489,Debt Consolidation
d36511e7-0ef2-451d-8904-81a6ce0cda8e,44971754,Debt Consolidation
5fdb9b0f-0dba-4f97-b187-dcccfb4745fc,44971695,Debt Consolidation
f4c7ed74-df66-48e3-80f0-155d0b4c8701,44354740,Debt Consolidation
9f1d3bb4-beb3-407c-b1b1-2992faa785c6,46040569,other
17c2442d-47de-4a00-9fc4-fd3b494fa56e,46015329,Home Improvements
0881be78-254b-44dc-b5b0-2b6c1345d02c,45885668,Debt Consolidation
f28d8664-37e0-456c-b63e-98da06ee11c6,45521094,Debt Consolidation
155c8e15-019e-4769-9f8d-0f3efedae7b2,45313670,Debt Consolidation
483950b1-004a-45df-913b-6258509669ec,45289657,Debt Consolidation
2c686e97-47a7-43a1-8179-a2b7118b0364,45280378,Debt Consolidation
18030b9b-2269-4693-9598-2ba32962b62b,45280379,Debt Consolidation
f02000f9-1d79-4ab2-8538-cb5d83e0480c,45156891,Debt Consolidation
13ac762e-3766-4077-a35e-05f73f366f83,44910453,Debt Consolidation
e824b761-4acb-4d50-83d6-c8081f57b93c,43708640,Debt Consolidation
d3660758-cb22-443a-8536-7b29765ac019,43547728,Debt Consolidation
a325a67d-c0cd-4fee-bb02-674d58b4cb0c,45356008,Debt Consolidation
ab35be62-3cb4-47dd-9929-f4592173ac26,45835909,other
3812ee99-cd76-4098-a1fe-88fa137f9862,45988360,Debt Consolidation
46d64666-823b-4caf-af44-ac433a896188,45988332,Debt Consolidation
d9831857-1217-4d5f-937a-d9d31dd6fdcc,45988288,Debt Consolidation
bc4dfdcf-14bb-4de9-9dc1-c39ebc0a3d6d,45988223,Debt Consolidation
64e44176-5558-498f-a0af-5ccc062050cd,45988216,Debt Consolidation
7df988a7-e7e0-4d00-a845-c6249a19865b,45988200,Debt Consolidation
4effad79-806f-4281-b156-321aa8340788,45988186,Home Improvements
794a3cb2-ca4d-48ca-9b6e-307d9056e3a9,45988178,Debt Consolidation
9e825666-4423-4c6b-9297-edfe9b463e74,45988152,Buy a Car
360e4e3a-f672-4f20-a855-236a72fd8148,45988129,Home Improvements
56eef7e2-349f-4e5a-a4bd-7890acfa22c7,45988082,Debt Consolidation
c1b97f79-6374-46a8-8bdb-d619cc82aec7,45982414,Debt Consolidation
0ea86ab9-a516-4c48-99c4-4c84152256e6,45982397,Debt Consolidation
3fc5ce77-1603-4e0f-81a8-2abf5956d24a,45982374,Debt Consolidation
ce08cb71-0b64-4543-9c66-7393c6c5a9f6,45838116,Debt Consolidation
dcfed9b3-1a01-483a-8c4c-a1e4f17e63d4,45772770,Debt Consolidation
dca3683d-377d-438c-9746-7bb88d5c823f,45619500,Debt Consolidation
3b305653-f03f-443c-b27f-fca376e92833,45465923,Buy a Car
62d9bfd3-d9f1-4d92-b605-c8ff64b11098,45405317,Debt Consolidation
e3322f5b-c8a6-40c3-92f0-07453d7a57c2,45397255,Debt Consolidation
e69132c2-3554-46ba-b4f8-b1f36cc02486,45395413,Debt Consolidation
eafbe253-087a-4a8a-a5de-24da94b98f50,45384731,Debt Consolidation
0a329cdd-c1f7-405b-a446-5c828595cacc,45381579,Debt Consolidation
21b76d58-f975-424c-8efd-6c7ed5b577d2,45358573,Debt Consolidation
1b88aa85-a00e-4d67-8567-900484641e48,45325874,Debt Consolidation
3d397301-0bc8-4050-aede-af1ae9cf9096,45256848,Debt Consolidation
de8159f4-74e6-4ebe-bc66-22de0ed6a266,45226508,Debt Consolidation
e9aae9f3-133b-48a5-9235-cb26f34c793c,45104128,Other
d9adc4b2-8725-44ec-9eba-23c1a60f6a49,45013786,Debt Consolidation
fd9ffbd9-f1ff-4828-9590-3edad66721e5,45013788,Buy a Car
25693517-8682-4d53-bcc9-21e40a993c4b,44921752,Debt Consolidation
17de5dad-a6c3-4ebc-a13f-84af2ba2ab51,44699303,other
ae33f0e6-024f-4609-bfa1-0fb8299ae0ce,44691046,Debt Consolidation
af336bdb-b044-434b-a45c-a2bd6ad95456,44649395,Debt Consolidation
1b22649d-6da1-4bef-8f83-46c70422540b,44417415,Debt Consolidation
ce69da43-abb0-4e67-a5bc-76fd2c65f9f1,44118324,Take a Trip
2c2cb3a9-1e3b-481e-8b89-7c88f6aa58bb,43988448,Debt Consolidation
5d4b2d95-ce20-4b00-8f40-0d3d08f752ee,43671517,Debt Consolidation
416ff54e-4281-48a3-959a-69ecdf05abf0,43438084,Medical Bills
411f804f-6d55-490c-a763-d037ab2bd03b,43270299,Debt Consolidation
3fddfce3-9232-40f9-8e7e-c6ecb53c9c6c,42071615,Debt Consolidation
79a9361f-1236-4539-80b9-b8ea11c6872f,41543587,Debt Consolidation
a0044f9c-4d06-4dda-abc9-287ddbd307d5,39500870,Debt Consolidation
2c1f0736-15b9-4a9b-8f87-98b2be0a322d,38588775,Debt Consolidation
b8945af9-23c3-42d3-8152-2bd5a36a56a4,45990795,Debt Consolidation
6d3e8de2-cbda-4511-86bc-c74535302d83,45766430,Debt Consolidation
92df090c-ba4b-4e59-a12f-59c47c20ca96,45743219,Debt Consolidation
bf7a92cc-cba8-4a1a-9b16-78570c045056,45737560,Home Improvements
cb3116b6-8576-4cba-89cd-b7f96a209896,45567110,Debt Consolidation
a02b207e-0300-4597-a7a5-b651d5e2d593,44984440,Debt Consolidation
7072a58b-2fe7-4511-8231-06e9028a6248,44514710,Debt Consolidation
a557bb39-6009-496a-8076-13345c2d655c,44514663,Debt Consolidation
264f78b3-a6c5-4242-8bc9-6463f24452da,44111744,other
bfef1576-298c-4ae0-a0bc-6e247ffcbd86,42885860,Educational Expenses
9279d6b1-755f-4018-bd64-4f3f901207ab,42790352,Home Improvements
9c22e832-d648-4931-92ba-eb289a3ec33b,32731441,Debt Consolidation
16b7114c-c69d-490b-ba93-ca22f72588ca,45524003,Debt Consolidation
d766a80e-cc28-4d38-9caa-fe6ca768dbba,45488230,Debt Consolidation
35d63435-c98c-4f00-aadc-6784b2b8680f,45288238,Debt Consolidation
1bf9db77-d42d-464a-9f75-52abc2866ec7,44559655,other
42de1af5-6d81-45d8-bf15-8097d4b7d3ba,44393879,Debt Consolidation
83fbc06a-6e2c-44d0-8e2e-d450771b391b,44339851,Debt Consolidation
70a17e61-c2b0-44aa-88d4-83c2ae973eca,46021161,Debt Consolidation
b4a47fac-4177-41a9-9bca-74d263a6f33a,45707695,Debt Consolidation
959f4ed2-dcb5-4f42-879d-239c5f4e8932,45352383,Debt Consolidation
ef0f75f7-8da5-47c9-b579-553341672ea2,45344153,Debt Consolidation
f6815235-482a-4c4d-8595-15a6341288ed,42829233,Other
47e190ae-5e4e-42b0-8880-c336f718e0a5,30186097,Debt Consolidation
8a807186-fe2e-46b4-9279-8ad6667246e1,45972746,Home Improvements
545dabeb-43cc-497a-b206-67e702252dda,45617634,Home Improvements
592b7ec9-7cef-472f-bc21-d159f23351c4,46041682,Debt Consolidation
cd0c27bc-5289-4c23-a589-058fb691b43f,46031518,Debt Consolidation
e8419daa-0b04-4ffc-8d77-04cd3f7d2ac8,46031469,Debt Consolidation
c9872b5e-511f-43b2-91b5-e5faf7da2617,45868944,Debt Consolidation
0e87e499-c97b-4268-9b24-6448f05e53be,45138742,Home Improvements
8ada4084-0590-4b54-827b-1a61b9b01d2f,45982956,Debt Consolidation
9b8940cf-3ccd-4742-8184-ad3d23383590,45982927,Debt Consolidation
59be1ce0-a65a-4462-809e-844938acfae8,45975358,Debt Consolidation
b80b84fd-3a87-4724-a992-d209e1c7a060,45929258,Debt Consolidation
2160531c-b106-4f6b-88d2-2bca53c7da6d,45929227,Debt Consolidation
6bd2e45a-82f3-4129-b700-51b353677cb7,45880454,moving
f7c35739-258d-4673-b2c5-c252b0d9a933,45880427,Debt Consolidation
564c2603-b906-47b8-b02e-92a1af9a5ce5,45872356,Debt Consolidation
365fa9f1-3c95-437b-994f-cecddff66a66,45198425,other
18a48123-55d5-4f2f-902e-c89bfff353d8,43776663,Home Improvements
860f6f96-51d9-466f-b427-200179fbd93e,38062687,Debt Consolidation
330d8fd5-6c09-427c-92cb-e2ca1795aeeb,38062642,Debt Consolidation
b2eaf326-5ca5-4381-9473-7c948b8c739a,38062273,Debt Consolidation
a000f85a-f329-4d82-90b1-5b211527642a,45740968,Debt Consolidation
c14a2980-bec9-48a6-ab98-df044f14cfe6,45740585,other
ed15dc31-8c4e-46da-be72-598be9a800f3,43892543,Home Improvements
ef251e62-28a2-40bc-948d-59a6fd6ea5ec,43892507,Debt Consolidation
e195d17c-1df2-46fa-9ccd-ec2b1cf59b17,45985966,other
c2cf731c-8ca8-47b9-8565-69d7dec693bc,45590165,Debt Consolidation
4b99c219-f29c-41f4-b851-1842d89bfc6b,45737822,Home Improvements
014149a6-a284-488a-bddd-4c40f0ba4d80,46021892,Debt Consolidation
51efe866-5731-483d-a34c-0625d0abf8e8,46021788,Home Improvements
04b78b08-593d-4180-8c04-5a40759f4ec2,46021542,Debt Consolidation
fbb782aa-c4b1-409d-bd67-e4adbd97f7ff,46021529,Debt Consolidation
26633703-8e7e-4c3b-8805-331236c42c4f,46021335,Debt Consolidation
d070b35b-cb35-474c-9e72-f26ef01c3bbd,46021312,Home Improvements
9595b7cb-f44d-4599-b538-baec969b34c8,46021303,Debt Consolidation
1596dd1e-d8ba-45eb-b4a8-ee75736b66b6,46020325,Other
2220f35b-4b57-4c58-b909-5295cb9bea2f,46020310,Debt Consolidation
0a666711-7fe7-4771-bb68-cb17ca601b11,46020297,Debt Consolidation
96be6225-ed12-48b5-98ce-87a3ed2fb76f,46019910,Debt Consolidation
03044e1e-480a-46ae-9923-09ce29fcec37,46019809,Debt Consolidation
c294635a-bd44-4e9e-a60e-2317c988efdd,46019695,Debt Consolidation
bce0c9aa-4209-4051-9078-666b305c27b3,46019688,Business Loan
f7345eb3-bdef-4265-9f55-b9cbeb037696,46019685,Debt Consolidation
ea0f993d-1a56-419b-81fc-4a284e84a217,46019666,Debt Consolidation
eeff94d9-a279-4269-8f47-2eabd0359406,46019642,Debt Consolidation
d9bd50bb-80e2-4b7a-a89b-a4d4b66587ba,46019487,Debt Consolidation
f1ba0214-a93c-4e38-8582-43096d4f36ce,46019481,Debt Consolidation
3d6b04d5-d5df-4f31-aec7-666db845fec5,46019476,Debt Consolidation
2f69c4d4-6281-4391-9b09-0f16154c584f,46019340,Debt Consolidation
7e1f54e9-f15d-40be-a684-4b069174f160,46019323,Debt Consolidation
55d5ed41-bc9f-4069-be40-a87c688e1835,46019292,Debt Consolidation
f15869fa-65a8-4234-90be-3539af9fbaa8,46019264,Debt Consolidation
a2397dbd-d80e-488a-ac72-f618b85d9d7c,46019260,Business Loan
0a8bf32b-1d80-4ce1-8a07-9aec77d38882,46019249,Debt Consolidation
afaf9f03-80f9-411a-a1c2-d6e10e5b1806,46019185,Debt Consolidation
2007e5b9-4f79-4561-8c18-ee393bd0d1b1,46019182,Take a Trip
a08d7830-085c-4444-b44b-2d8a44183523,46019164,Debt Consolidation
ac7a9a32-29b8-4804-ab1a-5fca68cea0e7,46019155,Debt Consolidation
f8251bc4-aefb-4560-8656-622c807e2b4c,46019140,Debt Consolidation
920e1d74-fd35-4afc-8197-bc2041a36303,46019129,Home Improvements
606e2bff-5559-4220-8dfc-cffc3d7ba8d2,46019109,other
b3dbe549-3d9f-46f6-8f97-1c2b7001fdb6,46019102,Debt Consolidation
fa25d9a5-9dbc-43b7-a19e-c4e3ec88d724,45412230,Debt Consolidation
8f7f0628-72a4-4d28-9a0d-ba076e229144,45412027,Debt Consolidation
